dataset,statistic_type,statistic_config,query_name,num_statistic_ids,build_window_size_sec,build_windows_per_probe_window,num_probe_tuples,num_probe_repetitions,probe_throughput_listener,probe_duration_s,build_throughput_listener,build_duration_s,executionMode,numberOfWorkerThreads,buffersInGlobalBufferManager,joinStrategy,bufferSizeInBytes,pageSize,enableLatency,issue
ClusterMonitoring,Reservoir,100,ReservoirBuild_100,1,1,1,10,100000,1348000.0,43.601181507110596,177800.26446280992,200.0608320236206,COMPILER,1,20000,HASH_JOIN,1048576,8192,False,ok
ClusterMonitoring,Reservoir,100,ReservoirBuild_100,1,1,1,10,100000,1085897.5,18.2805278301239,179446.40663900416,246.70437335968018,COMPILER,1,20000,HASH_JOIN,1048576,8192,False,ok
ClusterMonitoring,Reservoir,100,ReservoirBuild_100,1,1,1,10,100000,1085897.5,18.035357236862183,178126.27329192546,248.95449686050415,COMPILER,1,20000,HASH_JOIN,1048576,8192,False,ok
ClusterMonitoring,Reservoir,100,ReservoirBuild_100,1,1,1000,10,100000,-1,66.93537020683289,175084.10204081633,204.04418277740479,COMPILER,1,20000,HASH_JOIN,1048576,8192,False,probe:no_measurements
ClusterMonitoring,Reservoir,100,ReservoirBuild_100,1,1,1000,10,100000,-1,41.603365421295166,179366.36570247935,192.0528392791748,COMPILER,1,20000,HASH_JOIN,1048576,8192,False,probe:no_measurements
ClusterMonitoring,Reservoir,100,ReservoirBuild_100,1,1,1000,10,100000,-1,16.274035215377808,176409.03092783506,227.36643147468567,COMPILER,1,20000,HASH_JOIN,1048576,8192,False,probe:no_measurements
ClusterMonitoring,Reservoir,100,ReservoirBuild_100,1,1,1,10,100000,1298000.0,18.272212266921997,180357.3762993763,215.63879704475403,COMPILER,1,20000,HASH_JOIN,1048576,8192,True,ok
ClusterMonitoring,Reservoir,100,ReservoirBuild_100,1,1,1,10,100000,1298000.0,18.272990226745605,179030.1718426501,246.71381545066833,COMPILER,1,20000,HASH_JOIN,1048576,8192,True,ok
ClusterMonitoring,Reservoir,100,ReservoirBuild_100,1,1,1,10,100000,1248333.3333333333,18.0246479511261,175361.1466395112,196.30870509147644,COMPILER,1,20000,HASH_JOIN,1048576,8192,True,ok
ClusterMonitoring,Reservoir,100,ReservoirBuild_100,1,1,1000,10,100000,-1,16.020749807357788,180407.01666666666,192.05996084213257,COMPILER,1,20000,HASH_JOIN,1048576,8192,True,probe:no_measurements
ClusterMonitoring,Reservoir,100,ReservoirBuild_100,1,1,1000,10,100000,-1,16.27127432823181,180220.96033402922,200.299809217453,COMPILER,1,20000,HASH_JOIN,1048576,8192,True,probe:no_measurements
ClusterMonitoring,Reservoir,100,ReservoirBuild_100,1,1,1000,10,100000,-1,16.272915363311768,180570.55532359082,194.0555136203766,COMPILER,1,20000,HASH_JOIN,1048576,8192,True,probe:no_measurements
ClusterMonitoring,Reservoir,100,ReservoirBuild_100,1,1,1,10,100000,3296000.0,43.3515202999115,342668.22279792745,208.28838348388672,COMPILER,4,20000,HASH_JOIN,1048576,8192,False,ok
ClusterMonitoring,Reservoir,100,ReservoirBuild_100,1,1,1,10,100000,2097000.0,18.018215894699097,345222.387434555,200.0400550365448,COMPILER,4,20000,HASH_JOIN,1048576,8192,False,ok
ClusterMonitoring,Reservoir,100,ReservoirBuild_100,1,1,1,10,100000,2247000.0,18.017693758010864,348035.4554973822,210.28479886054993,COMPILER,4,20000,HASH_JOIN,1048576,8192,False,ok
ClusterMonitoring,Reservoir,100,ReservoirBuild_100,1,1,1000,10,100000,-1,16.272255659103394,342479.37373737374,202.04009985923767,COMPILER,4,20000,HASH_JOIN,1048576,8192,False,probe:no_measurements
ClusterMonitoring,Reservoir,100,ReservoirBuild_100,1,1,1000,10,100000,-1,16.020532608032227,339234.3567839196,204.0390124320984,COMPILER,4,20000,HASH_JOIN,1048576,8192,False,probe:no_measurements
ClusterMonitoring,Reservoir,100,ReservoirBuild_100,1,1,1000,10,100000,-1,16.270991563796997,341871.2717948718,218.2884931564331,COMPILER,4,20000,HASH_JOIN,1048576,8192,False,probe:no_measurements
ClusterMonitoring,Reservoir,100,ReservoirBuild_100,1,1,1,10,100000,3296000.0,18.022095680236816,334974.1557788945,224.30821990966797,COMPILER,4,20000,HASH_JOIN,1048576,8192,True,ok
ClusterMonitoring,Reservoir,100,ReservoirBuild_100,1,1,1,10,100000,2696000.0,18.02140164375305,338598.736318408,216.30986666679382,COMPILER,4,20000,HASH_JOIN,1048576,8192,True,ok
ClusterMonitoring,Reservoir,100,ReservoirBuild_100,1,1,1,10,100000,1872295.0,18.019113540649414,348200.3144329897,233.39207863807678,COMPILER,4,20000,HASH_JOIN,1048576,8192,True,ok
ClusterMonitoring,Reservoir,100,ReservoirBuild_100,1,1,1000,10,100000,-1,16.022855281829834,346750.6910994764,258.7205855846405,COMPILER,4,20000,HASH_JOIN,1048576,8192,True,probe:no_measurements
ClusterMonitoring,Reservoir,100,ReservoirBuild_100,1,1,1000,10,100000,-1,41.60564970970154,343034.5618556701,208.0547251701355,COMPILER,4,20000,HASH_JOIN,1048576,8192,True,probe:no_measurements
ClusterMonitoring,Reservoir,100,ReservoirBuild_100,1,1,1000,10,100000,-1,66.68266201019287,336874.76097560977,214.0616602897644,COMPILER,4,20000,HASH_JOIN,1048576,8192,True,probe:no_measurements
ClusterMonitoring,Reservoir,100,ReservoirBuild_100,1,1,1,10,100000,2397000.0,18.27182412147522,541284.012195122,236.0308678150177,COMPILER,16,20000,HASH_JOIN,1048576,8192,False,ok
ClusterMonitoring,Reservoir,100,ReservoirBuild_100,1,1,1,10,100000,4793000.0,18.02113962173462,572427.4556962026,216.03799319267273,COMPILER,16,20000,HASH_JOIN,1048576,8192,False,ok
ClusterMonitoring,Reservoir,100,ReservoirBuild_100,1,1,1,10,100000,2097000.0,18.269485473632812,535210.7802197802,241.60822653770447,COMPILER,16,20000,HASH_JOIN,1048576,8192,False,ok
ClusterMonitoring,Reservoir,100,ReservoirBuild_100,1,1,1000,10,100000,-1,16.018605709075928,528642.5930232558,238.28841185569763,COMPILER,16,20000,HASH_JOIN,1048576,8192,False,probe:no_measurements
ClusterMonitoring,Reservoir,100,ReservoirBuild_100,1,1,1000,10,100000,-1,16.01812720298767,520625.8024691358,216.2804398536682,COMPILER,16,20000,HASH_JOIN,1048576,8192,False,probe:no_measurements
ClusterMonitoring,Reservoir,100,ReservoirBuild_100,1,1,1000,10,100000,-1,66.68683934211731,531984.1927710844,239.6151180267334,COMPILER,16,20000,HASH_JOIN,1048576,8192,False,probe:no_measurements
ClusterMonitoring,Reservoir,100,ReservoirBuild_100,1,1,1,10,100000,2397000.0,43.60155749320984,548222.2345679012,242.0551736354828,COMPILER,16,20000,HASH_JOIN,1048576,8192,True,ok
ClusterMonitoring,Reservoir,100,ReservoirBuild_100,1,1,1,10,100000,2247000.0,43.60409426689148,537764.3456790124,222.06335282325745,COMPILER,16,20000,HASH_JOIN,1048576,8192,True,ok
ClusterMonitoring,Reservoir,100,ReservoirBuild_100,1,1,1,10,100000,2846000.0,43.348291873931885,526299.9761904762,224.30907249450684,COMPILER,16,20000,HASH_JOIN,1048576,8192,True,ok
ClusterMonitoring,Reservoir,100,ReservoirBuild_100,1,1,1000,10,100000,-1,16.019458532333374,554280.4875,220.0535340309143,COMPILER,16,20000,HASH_JOIN,1048576,8192,True,probe:no_measurements
ClusterMonitoring,Reservoir,100,ReservoirBuild_100,1,1,1000,10,100000,-1,41.60326147079468,550923.9615384615,220.06218576431274,COMPILER,16,20000,HASH_JOIN,1048576,8192,True,probe:no_measurements
ClusterMonitoring,Reservoir,100,ReservoirBuild_100,1,1,1000,10,100000,-1,16.27045750617981,578764.6341463415,232.29462003707886,COMPILER,16,20000,HASH_JOIN,1048576,8192,True,probe:no_measurements
ClusterMonitoring,Reservoir,1000,ReservoirBuild_1000,1,1,1,10,100000,1235745.0,18.018429040908813,179074.65979381444,244.70396876335144,COMPILER,1,20000,HASH_JOIN,1048576,8192,False,ok
ClusterMonitoring,Reservoir,1000,ReservoirBuild_1000,1,1,1,10,100000,1123397.5,43.603312730789185,177526.50103092784,204.29585671424866,COMPILER,1,20000,HASH_JOIN,1048576,8192,False,ok
ClusterMonitoring,Reservoir,1000,ReservoirBuild_1000,1,1,1,10,100000,1123397.5,18.018624544143677,180552.09375,190.04633975028992,COMPILER,1,20000,HASH_JOIN,1048576,8192,False,ok
ClusterMonitoring,Reservoir,1000,ReservoirBuild_1000,1,1,1000,10,100000,-1,16.270517587661743,177752.1316872428,198.04713797569275,COMPILER,1,20000,HASH_JOIN,1048576,8192,False,probe:no_measurements
ClusterMonitoring,Reservoir,1000,ReservoirBuild_1000,1,1,1000,10,100000,-1,16.27020812034607,173491.7318548387,202.30453395843506,COMPILER,1,20000,HASH_JOIN,1048576,8192,False,probe:no_measurements
ClusterMonitoring,Reservoir,1000,ReservoirBuild_1000,1,1,1000,10,100000,-1,16.021350860595703,176801.82340862422,225.37291741371155,COMPILER,1,20000,HASH_JOIN,1048576,8192,False,probe:no_measurements
ClusterMonitoring,Reservoir,1000,ReservoirBuild_1000,1,1,1,10,100000,1248333.3333333333,18.2730610370636,176729.92073170733,186.06170272827148,COMPILER,1,20000,HASH_JOIN,1048576,8192,True,ok
ClusterMonitoring,Reservoir,1000,ReservoirBuild_1000,1,1,1,10,100000,1298000.0,18.019726753234863,177723.39219712527,196.06089544296265,COMPILER,1,20000,HASH_JOIN,1048576,8192,True,ok
ClusterMonitoring,Reservoir,1000,ReservoirBuild_1000,1,1,1,10,100000,1123397.5,18.02342128753662,171014.91017964072,206.32131433486938,COMPILER,1,20000,HASH_JOIN,1048576,8192,True,ok
ClusterMonitoring,Reservoir,1000,ReservoirBuild_1000,1,1,1000,10,100000,-1,16.024312496185303,176683.74180327868,198.3051929473877,COMPILER,1,20000,HASH_JOIN,1048576,8192,True,probe:no_measurements
ClusterMonitoring,Reservoir,1000,ReservoirBuild_1000,1,1,1000,10,100000,-1,16.021902084350586,176341.0,206.05232000350952,COMPILER,1,20000,HASH_JOIN,1048576,8192,True,probe:no_measurements
ClusterMonitoring,Reservoir,1000,ReservoirBuild_1000,1,1,1000,10,100000,-1,16.023290157318115,174569.38211382114,208.06645345687866,COMPILER,1,20000,HASH_JOIN,1048576,8192,True,probe:no_measurements
ClusterMonitoring,Reservoir,1000,ReservoirBuild_1000,1,1,1,10,100000,2246887.5,18.02098798751831,343610.8461538461,208.28893756866455,COMPILER,4,20000,HASH_JOIN,1048576,8192,False,ok
ClusterMonitoring,Reservoir,1000,ReservoirBuild_1000,1,1,1,10,100000,2097000.0,68.68362212181091,336884.6582914573,231.36899971961975,COMPILER,4,20000,HASH_JOIN,1048576,8192,False,ok
ClusterMonitoring,Reservoir,1000,ReservoirBuild_1000,1,1,1,10,100000,2846000.0,18.02174711227417,342453.29591836734,212.03117322921753,COMPILER,4,20000,HASH_JOIN,1048576,8192,False,ok
ClusterMonitoring,Reservoir,1000,ReservoirBuild_1000,1,1,1000,10,100000,-1,41.34853410720825,337637.28934010153,208.03678345680237,COMPILER,4,20000,HASH_JOIN,1048576,8192,False,probe:no_measurements
ClusterMonitoring,Reservoir,1000,ReservoirBuild_1000,1,1,1000,10,100000,-1,16.017807483673096,331197.23,212.03780555725098,COMPILER,4,20000,HASH_JOIN,1048576,8192,False,probe:no_measurements
ClusterMonitoring,Reservoir,1000,ReservoirBuild_1000,1,1,1000,10,100000,-1,16.01730442047119,347210.5789473684,206.03964686393738,COMPILER,4,20000,HASH_JOIN,1048576,8192,False,probe:no_measurements
ClusterMonitoring,Reservoir,1000,ReservoirBuild_1000,1,1,1,10,100000,1947387.5,43.604690074920654,338431.78,214.05400943756104,COMPILER,4,20000,HASH_JOIN,1048576,8192,True,ok
ClusterMonitoring,Reservoir,1000,ReservoirBuild_1000,1,1,1,10,100000,2396500.0,18.271834135055542,344310.9270833333,212.29303407669067,COMPILER,4,20000,HASH_JOIN,1048576,8192,True,ok
ClusterMonitoring,Reservoir,1000,ReservoirBuild_1000,1,1,1,10,100000,2846000.0,43.35369896888733,339513.3147208122,212.30907106399536,COMPILER,4,20000,HASH_JOIN,1048576,8192,True,ok
ClusterMonitoring,Reservoir,1000,ReservoirBuild_1000,1,1,1000,10,100000,-1,16.022867441177368,337058.1237113402,210.04908275604248,COMPILER,4,20000,HASH_JOIN,1048576,8192,True,probe:no_measurements
ClusterMonitoring,Reservoir,1000,ReservoirBuild_1000,1,1,1000,10,100000,-1,16.021397829055786,342630.0837696335,237.37448501586914,COMPILER,4,20000,HASH_JOIN,1048576,8192,True,probe:no_measurements
ClusterMonitoring,Reservoir,1000,ReservoirBuild_1000,1,1,1000,10,100000,-1,16.01907229423523,338456.62626262626,214.0550103187561,COMPILER,4,20000,HASH_JOIN,1048576,8192,True,probe:no_measurements
ClusterMonitoring,Reservoir,1000,ReservoirBuild_1000,1,1,1,10,100000,2397000.0,18.01754140853882,550579.5769230769,245.36692333221436,COMPILER,16,20000,HASH_JOIN,1048576,8192,False,ok
ClusterMonitoring,Reservoir,1000,ReservoirBuild_1000,1,1,1,10,100000,1797397.5,18.02009344100952,558566.8227848101,220.03586411476135,COMPILER,16,20000,HASH_JOIN,1048576,8192,False,ok
ClusterMonitoring,Reservoir,1000,ReservoirBuild_1000,1,1,1,10,100000,1722692.5,43.3500018119812,524045.7619047619,286.6923499107361,COMPILER,16,20000,HASH_JOIN,1048576,8192,False,ok
ClusterMonitoring,Reservoir,1000,ReservoirBuild_1000,1,1,1000,10,100000,-1,16.02194881439209,515710.9761904762,246.03686833381653,COMPILER,16,20000,HASH_JOIN,1048576,8192,False,probe:no_measurements
ClusterMonitoring,Reservoir,1000,ReservoirBuild_1000,1,1,1000,10,100000,-1,16.27537775039673,589490.4457831326,220.29128527641296,COMPILER,16,20000,HASH_JOIN,1048576,8192,False,probe:no_measurements
ClusterMonitoring,Reservoir,1000,ReservoirBuild_1000,1,1,1000,10,100000,-1,16.271333932876587,533351.0,274.95482635498047,COMPILER,16,20000,HASH_JOIN,1048576,8192,False,probe:no_measurements
ClusterMonitoring,Reservoir,1000,ReservoirBuild_1000,1,1,1,10,100000,2247000.0,18.023319005966187,551315.6395348837,234.06165432929993,COMPILER,16,20000,HASH_JOIN,1048576,8192,True,ok
ClusterMonitoring,Reservoir,1000,ReservoirBuild_1000,1,1,1,10,100000,1198000.0,43.35015416145325,532641.6091954022,255.38868808746338,COMPILER,16,20000,HASH_JOIN,1048576,8192,True,ok
ClusterMonitoring,Reservoir,1000,ReservoirBuild_1000,1,1,1,10,100000,1648000.0,18.019113540649414,528568.9367088608,261.6388154029846,COMPILER,16,20000,HASH_JOIN,1048576,8192,True,ok
ClusterMonitoring,Reservoir,1000,ReservoirBuild_1000,1,1,1000,10,100000,-1,66.93050646781921,525093.8333333334,228.04653143882751,COMPILER,16,20000,HASH_JOIN,1048576,8192,True,probe:no_measurements
ClusterMonitoring,Reservoir,1000,ReservoirBuild_1000,1,1,1000,10,100000,-1,16.01931619644165,546626.2023809524,244.07370400428772,COMPILER,16,20000,HASH_JOIN,1048576,8192,True,probe:no_measurements
ClusterMonitoring,Reservoir,1000,ReservoirBuild_1000,1,1,1000,10,100000,-1,0.0,1666000.0,2.0176825523376465,COMPILER,16,20000,HASH_JOIN,1048576,8192,True,build:crashed:11
ClusterMonitoring,EquiWidthHistogram,"(100, 0, 100000, 'uint64')",EquiWidthHistogramBuild_100_0_100000_uint64,1,1,1,10,100000,224694.77272727274,22.014906883239746,188593.13390928725,182.03203654289246,COMPILER,1,20000,HASH_JOIN,1048576,8192,False,ok
ClusterMonitoring,EquiWidthHistogram,"(100, 0, 100000, 'uint64')",EquiWidthHistogramBuild_100_0_100000_uint64,1,1,1,10,100000,224694.77272727274,22.270224809646606,188046.94168466522,184.0395004749298,COMPILER,1,20000,HASH_JOIN,1048576,8192,False,ok
ClusterMonitoring,EquiWidthHistogram,"(100, 0, 100000, 'uint64')",EquiWidthHistogramBuild_100_0_100000_uint64,1,1,1,10,100000,217885.9090909091,47.59340691566467,191670.4298245614,174.29394555091858,COMPILER,1,20000,HASH_JOIN,1048576,8192,False,ok
ClusterMonitoring,EquiWidthHistogram,"(100, 0, 100000, 'uint64')",EquiWidthHistogramBuild_100_0_100000_uint64,1,1,1000,10,100000,-1,16.267125606536865,183039.6716101695,190.29292106628418,COMPILER,1,20000,HASH_JOIN,1048576,8192,False,probe:no_measurements
ClusterMonitoring,EquiWidthHistogram,"(100, 0, 100000, 'uint64')",EquiWidthHistogramBuild_100_0_100000_uint64,1,1,1000,10,100000,-1,16.01679754257202,187138.70235546038,176.03486108779907,COMPILER,1,20000,HASH_JOIN,1048576,8192,False,probe:no_measurements
ClusterMonitoring,EquiWidthHistogram,"(100, 0, 100000, 'uint64')",EquiWidthHistogramBuild_100_0_100000_uint64,1,1,1000,10,100000,-1,16.27013373374939,190844.51096491228,182.04247999191284,COMPILER,1,20000,HASH_JOIN,1048576,8192,False,probe:no_measurements
ClusterMonitoring,EquiWidthHistogram,"(100, 0, 100000, 'uint64')",EquiWidthHistogramBuild_100_0_100000_uint64,1,1,1,10,100000,224694.77272727274,22.27289390563965,191024.2603938731,230.70431995391846,COMPILER,1,20000,HASH_JOIN,1048576,8192,True,ok
ClusterMonitoring,EquiWidthHistogram,"(100, 0, 100000, 'uint64')",EquiWidthHistogramBuild_100_0_100000_uint64,1,1,1,10,100000,214925.4347826087,22.268263816833496,189022.5956521739,188.03969287872314,COMPILER,1,20000,HASH_JOIN,1048576,8192,True,ok
ClusterMonitoring,EquiWidthHistogram,"(100, 0, 100000, 'uint64')",EquiWidthHistogramBuild_100_0_100000_uint64,1,1,1,10,100000,214925.4347826087,22.01641082763672,186420.2205567452,188.05150961875916,COMPILER,1,20000,HASH_JOIN,1048576,8192,True,ok
ClusterMonitoring,EquiWidthHistogram,"(100, 0, 100000, 'uint64')",EquiWidthHistogramBuild_100_0_100000_uint64,1,1,1000,10,100000,-1,16.269349098205566,187108.22795698926,209.38047623634338,COMPILER,1,20000,HASH_JOIN,1048576,8192,True,probe:no_measurements
ClusterMonitoring,EquiWidthHistogram,"(100, 0, 100000, 'uint64')",EquiWidthHistogramBuild_100_0_100000_uint64,1,1,1000,10,100000,-1,16.01448702812195,190881.97802197802,184.05328559875488,COMPILER,1,20000,HASH_JOIN,1048576,8192,True,probe:no_measurements
ClusterMonitoring,EquiWidthHistogram,"(100, 0, 100000, 'uint64')",EquiWidthHistogramBuild_100_0_100000_uint64,1,1,1000,10,100000,-1,41.59417963027954,187976.96536796537,188.0431408882141,COMPILER,1,20000,HASH_JOIN,1048576,8192,True,probe:no_measurements
ClusterMonitoring,EquiWidthHistogram,"(100, 0, 100000, 'uint64')",EquiWidthHistogramBuild_100_0_100000_uint64,1,1,1,10,100000,778868.0,43.34382724761963,342382.22388059704,192.03757047653198,COMPILER,4,20000,HASH_JOIN,1048576,8192,False,ok
ClusterMonitoring,EquiWidthHistogram,"(100, 0, 100000, 'uint64')",EquiWidthHistogramBuild_100_0_100000_uint64,1,1,1,10,100000,758372.5,18.014535427093506,339544.89552238805,200.0271701812744,COMPILER,4,20000,HASH_JOIN,1048576,8192,False,ok
ClusterMonitoring,EquiWidthHistogram,"(100, 0, 100000, 'uint64')",EquiWidthHistogramBuild_100_0_100000_uint64,1,1,1,10,100000,898629.0,18.26538920402527,341572.86363636365,198.03449416160583,COMPILER,4,20000,HASH_JOIN,1048576,8192,False,ok
ClusterMonitoring,EquiWidthHistogram,"(100, 0, 100000, 'uint64')",EquiWidthHistogramBuild_100_0_100000_uint64,1,1,1000,10,100000,-1,16.265435695648193,352657.8883248731,192.02826142311096,COMPILER,4,20000,HASH_JOIN,1048576,8192,False,probe:no_measurements
ClusterMonitoring,EquiWidthHistogram,"(100, 0, 100000, 'uint64')",EquiWidthHistogramBuild_100_0_100000_uint64,1,1,1000,10,100000,-1,16.013489961624146,349606.4715025907,242.69383692741394,COMPILER,4,20000,HASH_JOIN,1048576,8192,False,probe:no_measurements
ClusterMonitoring,EquiWidthHistogram,"(100, 0, 100000, 'uint64')",EquiWidthHistogramBuild_100_0_100000_uint64,1,1,1000,10,100000,-1,41.591723680496216,347556.40512820514,192.03535842895508,COMPILER,4,20000,HASH_JOIN,1048576,8192,False,probe:no_measurements
ClusterMonitoring,EquiWidthHistogram,"(100, 0, 100000, 'uint64')",EquiWidthHistogramBuild_100_0_100000_uint64,1,1,1,10,100000,898629.0,68.67571997642517,345512.4974619289,198.0503957271576,COMPILER,4,20000,HASH_JOIN,1048576,8192,True,ok
ClusterMonitoring,EquiWidthHistogram,"(100, 0, 100000, 'uint64')",EquiWidthHistogramBuild_100_0_100000_uint64,1,1,1,10,100000,808911.0,43.344011545181274,352261.9170984456,192.04805374145508,COMPILER,4,20000,HASH_JOIN,1048576,8192,True,ok
ClusterMonitoring,EquiWidthHistogram,"(100, 0, 100000, 'uint64')",EquiWidthHistogramBuild_100_0_100000_uint64,1,1,1,10,100000,783275.0,18.018895626068115,346428.8298969072,221.38061380386353,COMPILER,4,20000,HASH_JOIN,1048576,8192,True,ok
ClusterMonitoring,EquiWidthHistogram,"(100, 0, 100000, 'uint64')",EquiWidthHistogramBuild_100_0_100000_uint64,1,1,1000,10,100000,-1,41.598623275756836,349978.25,225.3750491142273,COMPILER,4,20000,HASH_JOIN,1048576,8192,True,probe:no_measurements
ClusterMonitoring,EquiWidthHistogram,"(100, 0, 100000, 'uint64')",EquiWidthHistogramBuild_100_0_100000_uint64,1,1,1000,10,100000,-1,66.67408895492554,345677.4591836735,204.06335353851318,COMPILER,4,20000,HASH_JOIN,1048576,8192,True,probe:no_measurements
ClusterMonitoring,EquiWidthHistogram,"(100, 0, 100000, 'uint64')",EquiWidthHistogramBuild_100_0_100000_uint64,1,1,1000,10,100000,-1,41.59853148460388,346726.4210526316,200.30030035972595,COMPILER,4,20000,HASH_JOIN,1048576,8192,True,probe:no_measurements
ClusterMonitoring,EquiWidthHistogram,"(100, 0, 100000, 'uint64')",EquiWidthHistogramBuild_100_0_100000_uint64,1,1,1,10,100000,1367236.6666666667,18.014609575271606,527305.951807229,226.2890305519104,COMPILER,16,20000,HASH_JOIN,1048576,8192,False,ok
ClusterMonitoring,EquiWidthHistogram,"(100, 0, 100000, 'uint64')",EquiWidthHistogramBuild_100_0_100000_uint64,1,1,1,10,100000,1722500.0,68.92062616348267,545019.2125,218.2875199317932,COMPILER,16,20000,HASH_JOIN,1048576,8192,False,ok
ClusterMonitoring,EquiWidthHistogram,"(100, 0, 100000, 'uint64')",EquiWidthHistogramBuild_100_0_100000_uint64,1,1,1,10,100000,1248530.0,18.01352024078369,560271.540229885,214.03694224357605,COMPILER,16,20000,HASH_JOIN,1048576,8192,False,ok
ClusterMonitoring,EquiWidthHistogram,"(100, 0, 100000, 'uint64')",EquiWidthHistogramBuild_100_0_100000_uint64,1,1,1000,10,100000,-1,16.01358985900879,556114.0361445784,210.03274393081665,COMPILER,16,20000,HASH_JOIN,1048576,8192,False,probe:no_measurements
ClusterMonitoring,EquiWidthHistogram,"(100, 0, 100000, 'uint64')",EquiWidthHistogramBuild_100_0_100000_uint64,1,1,1000,10,100000,-1,16.267138242721558,565474.4935064935,214.02782559394836,COMPILER,16,20000,HASH_JOIN,1048576,8192,False,probe:no_measurements
ClusterMonitoring,EquiWidthHistogram,"(100, 0, 100000, 'uint64')",EquiWidthHistogramBuild_100_0_100000_uint64,1,1,1000,10,100000,-1,16.01469111442566,570765.1690140845,212.03273272514343,COMPILER,16,20000,HASH_JOIN,1048576,8192,False,probe:no_measurements
ClusterMonitoring,EquiWidthHistogram,"(100, 0, 100000, 'uint64')",EquiWidthHistogramBuild_100_0_100000_uint64,1,1,1,10,100000,1298266.6666666667,18.01543664932251,596531.1081081082,212.28695678710938,COMPILER,16,20000,HASH_JOIN,1048576,8192,True,ok
ClusterMonitoring,EquiWidthHistogram,"(100, 0, 100000, 'uint64')",EquiWidthHistogramBuild_100_0_100000_uint64,1,1,1,10,100000,1566666.6666666667,18.014662742614746,562574.0714285715,228.0514006614685,COMPILER,16,20000,HASH_JOIN,1048576,8192,True,ok
ClusterMonitoring,EquiWidthHistogram,"(100, 0, 100000, 'uint64')",EquiWidthHistogramBuild_100_0_100000_uint64,1,1,1,10,100000,1348000.0,18.01487684249878,603727.5542168674,214.0542335510254,COMPILER,16,20000,HASH_JOIN,1048576,8192,True,ok
ClusterMonitoring,EquiWidthHistogram,"(100, 0, 100000, 'uint64')",EquiWidthHistogramBuild_100_0_100000_uint64,1,1,1000,10,100000,-1,16.015089511871338,559431.217948718,224.30381417274475,COMPILER,16,20000,HASH_JOIN,1048576,8192,True,probe:no_measurements
ClusterMonitoring,EquiWidthHistogram,"(100, 0, 100000, 'uint64')",EquiWidthHistogramBuild_100_0_100000_uint64,1,1,1000,10,100000,-1,16.01470685005188,571223.9411764706,216.05986261367798,COMPILER,16,20000,HASH_JOIN,1048576,8192,True,probe:no_measurements
ClusterMonitoring,EquiWidthHistogram,"(100, 0, 100000, 'uint64')",EquiWidthHistogramBuild_100_0_100000_uint64,1,1,1000,10,100000,-1,16.2668514251709,572698.4320987654,237.38201522827148,COMPILER,16,20000,HASH_JOIN,1048576,8192,True,probe:no_measurements
ClusterMonitoring,EquiWidthHistogram,"(1000, 0, 100000, 'uint64')",EquiWidthHistogramBuild_1000_0_100000_uint64,1,1,1,10,100000,77967.54545454546,59.34735679626465,178280.83367556467,204.0425808429718,COMPILER,1,20000,HASH_JOIN,1048576,8192,False,ok
ClusterMonitoring,EquiWidthHistogram,"(1000, 0, 100000, 'uint64')",EquiWidthHistogramBuild_1000_0_100000_uint64,1,1,1,10,100000,80237.06060606061,34.01729345321655,175416.07707910752,206.04264450073242,COMPILER,1,20000,HASH_JOIN,1048576,8192,False,ok
ClusterMonitoring,EquiWidthHistogram,"(1000, 0, 100000, 'uint64')",EquiWidthHistogramBuild_1000_0_100000_uint64,1,1,1000,10,100000,-1,66.67413711547852,177291.45714285714,202.0442533493042,COMPILER,1,20000,HASH_JOIN,1048576,8192,False,probe:no_measurements
ClusterMonitoring,EquiWidthHistogram,"(1000, 0, 100000, 'uint64')",EquiWidthHistogramBuild_1000_0_100000_uint64,1,1,1000,10,100000,-1,16.017863988876343,172366.64,212.04463529586792,COMPILER,1,20000,HASH_JOIN,1048576,8192,False,probe:no_measurements
ClusterMonitoring,EquiWidthHistogram,"(1000, 0, 100000, 'uint64')",EquiWidthHistogramBuild_1000_0_100000_uint64,1,1,1000,10,100000,-1,16.013797521591187,174942.77484787017,214.3044958114624,COMPILER,1,20000,HASH_JOIN,1048576,8192,False,probe:no_measurements
ClusterMonitoring,EquiWidthHistogram,"(1000, 0, 100000, 'uint64')",EquiWidthHistogramBuild_1000_0_100000_uint64,1,1,1,10,100000,77924.21212121213,59.60020732879639,176474.09979633402,204.30850529670715,COMPILER,1,20000,HASH_JOIN,1048576,8192,True,ok
ClusterMonitoring,EquiWidthHistogram,"(1000, 0, 100000, 'uint64')",EquiWidthHistogramBuild_1000_0_100000_uint64,1,1,1,10,100000,77967.42424242424,84.67568635940552,177419.5163934426,206.31137490272522,COMPILER,1,20000,HASH_JOIN,1048576,8192,True,ok
ClusterMonitoring,EquiWidthHistogram,"(1000, 0, 100000, 'uint64')",EquiWidthHistogramBuild_1000_0_100000_uint64,1,1,1,10,100000,77967.42424242424,59.60183024406433,173940.89738430583,233.39056968688965,COMPILER,1,20000,HASH_JOIN,1048576,8192,True,ok
ClusterMonitoring,EquiWidthHistogram,"(1000, 0, 100000, 'uint64')",EquiWidthHistogramBuild_1000_0_100000_uint64,1,1,1000,10,100000,-1,16.016814470291138,174413.8606060606,202.30373358726501,COMPILER,1,20000,HASH_JOIN,1048576,8192,True,probe:no_measurements
ClusterMonitoring,EquiWidthHistogram,"(1000, 0, 100000, 'uint64')",EquiWidthHistogramBuild_1000_0_100000_uint64,1,1,1000,10,100000,-1,16.018810510635376,170372.4750499002,226.3074517250061,COMPILER,1,20000,HASH_JOIN,1048576,8192,True,probe:no_measurements
ClusterMonitoring,EquiWidthHistogram,"(1000, 0, 100000, 'uint64')",EquiWidthHistogramBuild_1000_0_100000_uint64,1,1,1000,10,100000,-1,16.020353078842163,172998.368,208.058087348938,COMPILER,1,20000,HASH_JOIN,1048576,8192,True,probe:no_measurements
ClusterMonitoring,EquiWidthHistogram,"(1000, 0, 100000, 'uint64')",EquiWidthHistogramBuild_1000_0_100000_uint64,1,1,1,10,100000,150549.44444444444,24.265806913375854,343496.97382198955,247.36841225624084,COMPILER,4,20000,HASH_JOIN,1048576,8192,False,ok
ClusterMonitoring,EquiWidthHistogram,"(1000, 0, 100000, 'uint64')",EquiWidthHistogramBuild_1000_0_100000_uint64,1,1,1,10,100000,161031.125,24.017573595046997,344275.58461538464,220.27969241142273,COMPILER,4,20000,HASH_JOIN,1048576,8192,False,ok
ClusterMonitoring,EquiWidthHistogram,"(1000, 0, 100000, 'uint64')",EquiWidthHistogramBuild_1000_0_100000_uint64,1,1,1,10,100000,156097.55555555556,49.34994077682495,337546.685,218.03294205665588,COMPILER,4,20000,HASH_JOIN,1048576,8192,False,ok
ClusterMonitoring,EquiWidthHistogram,"(1000, 0, 100000, 'uint64')",EquiWidthHistogramBuild_1000_0_100000_uint64,1,1,1000,10,100000,-1,16.015982151031494,343068.05025125627,220.2848401069641,COMPILER,4,20000,HASH_JOIN,1048576,8192,False,probe:no_measurements
ClusterMonitoring,EquiWidthHistogram,"(1000, 0, 100000, 'uint64')",EquiWidthHistogramBuild_1000_0_100000_uint64,1,1,1000,10,100000,-1,16.26519465446472,339798.30412371136,226.04103112220764,COMPILER,4,20000,HASH_JOIN,1048576,8192,False,probe:no_measurements
ClusterMonitoring,EquiWidthHistogram,"(1000, 0, 100000, 'uint64')",EquiWidthHistogramBuild_1000_0_100000_uint64,1,1,1000,10,100000,-1,16.267906665802002,342173.6683673469,224.0349564552307,COMPILER,4,20000,HASH_JOIN,1048576,8192,False,probe:no_measurements
ClusterMonitoring,EquiWidthHistogram,"(1000, 0, 100000, 'uint64')",EquiWidthHistogramBuild_1000_0_100000_uint64,1,1,1,10,100000,147977.4,49.34974813461304,341231.6321243523,228.30438542366028,COMPILER,4,20000,HASH_JOIN,1048576,8192,True,ok
ClusterMonitoring,EquiWidthHistogram,"(1000, 0, 100000, 'uint64')",EquiWidthHistogramBuild_1000_0_100000_uint64,1,1,1,10,100000,150549.44444444444,24.018999576568604,341868.51256281405,239.3853943347931,COMPILER,4,20000,HASH_JOIN,1048576,8192,True,ok
ClusterMonitoring,EquiWidthHistogram,"(1000, 0, 100000, 'uint64')",EquiWidthHistogramBuild_1000_0_100000_uint64,1,1,1,10,100000,160535.88888888888,24.01534914970398,339155.02590673574,230.05710649490356,COMPILER,4,20000,HASH_JOIN,1048576,8192,True,ok
ClusterMonitoring,EquiWidthHistogram,"(1000, 0, 100000, 'uint64')",EquiWidthHistogramBuild_1000_0_100000_uint64,1,1,1000,10,100000,-1,41.345813035964966,339435.3908629442,230.058908700943,COMPILER,4,20000,HASH_JOIN,1048576,8192,True,probe:no_measurements
ClusterMonitoring,EquiWidthHistogram,"(1000, 0, 100000, 'uint64')",EquiWidthHistogramBuild_1000_0_100000_uint64,1,1,1000,10,100000,-1,16.26562213897705,338586.88324873097,218.30690383911133,COMPILER,4,20000,HASH_JOIN,1048576,8192,True,probe:no_measurements
ClusterMonitoring,EquiWidthHistogram,"(1000, 0, 100000, 'uint64')",EquiWidthHistogramBuild_1000_0_100000_uint64,1,1,1000,10,100000,-1,41.34349203109741,343939.67346938775,224.317631483078,COMPILER,4,20000,HASH_JOIN,1048576,8192,True,probe:no_measurements
ClusterMonitoring,EquiWidthHistogram,"(1000, 0, 100000, 'uint64')",EquiWidthHistogramBuild_1000_0_100000_uint64,1,1,1,10,100000,-1,41.34030199050903,517377.5869565217,263.6168866157532,COMPILER,16,20000,HASH_JOIN,1048576,8192,False,buffer_exhaustion
ClusterMonitoring,EquiWidthHistogram,"(1000, 0, 100000, 'uint64')",EquiWidthHistogramBuild_1000_0_100000_uint64,1,1,1,10,100000,-1,16.26756525039673,533736.9662921348,244.03885555267334,COMPILER,16,20000,HASH_JOIN,1048576,8192,False,buffer_exhaustion
ClusterMonitoring,EquiWidthHistogram,"(1000, 0, 100000, 'uint64')",EquiWidthHistogramBuild_1000_0_100000_uint64,1,1,1,10,100000,-1,37.59260010719299,547566.6744186047,236.02780771255493,COMPILER,16,20000,HASH_JOIN,1048576,8192,False,buffer_exhaustion
ClusterMonitoring,EquiWidthHistogram,"(1000, 0, 100000, 'uint64')",EquiWidthHistogramBuild_1000_0_100000_uint64,1,1,1000,10,100000,-1,16.016312837600708,494462.16279069765,238.03821110725403,COMPILER,16,20000,HASH_JOIN,1048576,8192,False,probe:no_measurements
ClusterMonitoring,EquiWidthHistogram,"(1000, 0, 100000, 'uint64')",EquiWidthHistogramBuild_1000_0_100000_uint64,1,1,1000,10,100000,-1,41.34292817115784,564880.4096385542,230.0341935157776,COMPILER,16,20000,HASH_JOIN,1048576,8192,False,probe:no_measurements
ClusterMonitoring,EquiWidthHistogram,"(1000, 0, 100000, 'uint64')",EquiWidthHistogramBuild_1000_0_100000_uint64,1,1,1000,10,100000,-1,41.59449553489685,529385.8777777777,288.69383811950684,COMPILER,16,20000,HASH_JOIN,1048576,8192,False,probe:no_measurements
ClusterMonitoring,EquiWidthHistogram,"(1000, 0, 100000, 'uint64')",EquiWidthHistogramBuild_1000_0_100000_uint64,1,1,1,10,100000,-1,64.67744278907776,543745.3571428572,279.64354133605957,COMPILER,16,20000,HASH_JOIN,1048576,8192,True,buffer_exhaustion
ClusterMonitoring,EquiWidthHistogram,"(1000, 0, 100000, 'uint64')",EquiWidthHistogramBuild_1000_0_100000_uint64,1,1,1,10,100000,599190.0,20.27028727531433,509899.4222222222,248.0568926334381,COMPILER,16,20000,HASH_JOIN,1048576,8192,True,buffer_exhaustion
ClusterMonitoring,EquiWidthHistogram,"(1000, 0, 100000, 'uint64')",EquiWidthHistogramBuild_1000_0_100000_uint64,1,1,1,10,100000,-1,41.599337339401245,549797.011235955,246.04658961296082,COMPILER,16,20000,HASH_JOIN,1048576,8192,True,buffer_exhaustion
ClusterMonitoring,EquiWidthHistogram,"(1000, 0, 100000, 'uint64')",EquiWidthHistogramBuild_1000_0_100000_uint64,1,1,1000,10,100000,-1,16.020004987716675,556932.506849315,238.06953406333923,COMPILER,16,20000,HASH_JOIN,1048576,8192,True,probe:no_measurements
ClusterMonitoring,EquiWidthHistogram,"(1000, 0, 100000, 'uint64')",EquiWidthHistogramBuild_1000_0_100000_uint64,1,1,1000,10,100000,-1,16.020294904708862,522963.93548387097,238.30494236946106,COMPILER,16,20000,HASH_JOIN,1048576,8192,True,probe:no_measurements
ClusterMonitoring,EquiWidthHistogram,"(1000, 0, 100000, 'uint64')",EquiWidthHistogramBuild_1000_0_100000_uint64,1,1,1000,10,100000,-1,16.266459703445435,539845.4901170213,238.06440043449402,COMPILER,16,20000,HASH_JOIN,1048576,8192,True,probe:no_measurements
ClusterMonitoring,CountMin,"(1, 100, 'uint64')",CountMinBuild_1_100_uint64,1,1,1,10,100000,-1,0.0,107101.9517601043,300.07075691223145,COMPILER,1,20000,HASH_JOIN,1048576,8192,False,build:timeout
ClusterMonitoring,CountMin,"(1, 100, 'uint64')",CountMinBuild_1_100_uint64,1,1,1,10,100000,319566.0,20.016222715377808,107853.94480946123,323.4000713825226,COMPILER,1,20000,HASH_JOIN,1048576,8192,False,ok
ClusterMonitoring,CountMin,"(1, 100, 'uint64')",CountMinBuild_1_100_uint64,1,1,1,10,100000,319566.0,45.343891620635986,107711.12827225131,298.0750606060028,COMPILER,1,20000,HASH_JOIN,1048576,8192,False,ok
ClusterMonitoring,CountMin,"(1, 100, 'uint64')",CountMinBuild_1_100_uint64,1,1,1000,10,100000,-1,16.018929481506348,107980.72941176471,292.05218029022217,COMPILER,1,20000,HASH_JOIN,1048576,8192,False,probe:no_measurements
ClusterMonitoring,CountMin,"(1, 100, 'uint64')",CountMinBuild_1_100_uint64,1,1,1000,10,100000,-1,0.0,104443.73818646233,300.320796251297,COMPILER,1,20000,HASH_JOIN,1048576,8192,False,build:timeout
ClusterMonitoring,CountMin,"(1, 100, 'uint64')",CountMinBuild_1_100_uint64,1,1,1000,10,100000,-1,0.0,105257.35096774194,300.3211205005646,COMPILER,1,20000,HASH_JOIN,1048576,8192,False,build:timeout
ClusterMonitoring,CountMin,"(1, 100, 'uint64')",CountMinBuild_1_100_uint64,1,1,1,10,100000,308955.3125,20.26888918876648,107790.30678851175,321.6668999195099,COMPILER,1,20000,HASH_JOIN,1048576,8192,True,ok
ClusterMonitoring,CountMin,"(1, 100, 'uint64')",CountMinBuild_1_100_uint64,1,1,1,10,100000,319566.0,20.268903493881226,107618.19245773733,336.72603964805603,COMPILER,1,20000,HASH_JOIN,1048576,8192,True,ok
ClusterMonitoring,CountMin,"(1, 100, 'uint64')",CountMinBuild_1_100_uint64,1,1,1,10,100000,-1,0.0,105416.40051347882,300.0857255458832,COMPILER,1,20000,HASH_JOIN,1048576,8192,True,build:timeout
ClusterMonitoring,CountMin,"(1, 100, 'uint64')",CountMinBuild_1_100_uint64,1,1,1000,10,100000,-1,0.0,105483.94451612904,300.0960123538971,COMPILER,1,20000,HASH_JOIN,1048576,8192,True,build:timeout
ClusterMonitoring,CountMin,"(1, 100, 'uint64')",CountMinBuild_1_100_uint64,1,1,1000,10,100000,-1,0.0,106248.80462724935,300.3181326389313,COMPILER,1,20000,HASH_JOIN,1048576,8192,True,build:timeout
ClusterMonitoring,CountMin,"(1, 100, 'uint64')",CountMinBuild_1_100_uint64,1,1,1000,10,100000,-1,0.0,106319.36610608021,300.06533122062683,COMPILER,1,20000,HASH_JOIN,1048576,8192,True,build:timeout
ClusterMonitoring,CountMin,"(1, 100, 'uint64')",CountMinBuild_1_100_uint64,1,1,1,10,100000,973397.5,43.342753410339355,301744.5860655738,214.03611516952515,COMPILER,4,20000,HASH_JOIN,1048576,8192,False,ok
ClusterMonitoring,CountMin,"(1, 100, 'uint64')",CountMinBuild_1_100_uint64,1,1,1,10,100000,1048296.25,18.01716423034668,292459.964,224.0422878265381,COMPILER,4,20000,HASH_JOIN,1048576,8192,False,ok
ClusterMonitoring,CountMin,"(1, 100, 'uint64')",CountMinBuild_1_100_uint64,1,1,1,10,100000,1160750.0,68.91816926002502,300569.2658227848,220.03047895431519,COMPILER,4,20000,HASH_JOIN,1048576,8192,False,ok
ClusterMonitoring,CountMin,"(1, 100, 'uint64')",CountMinBuild_1_100_uint64,1,1,1000,10,100000,-1,16.01336979866028,299060.8163265306,243.36998438835144,COMPILER,4,20000,HASH_JOIN,1048576,8192,False,probe:no_measurements
ClusterMonitoring,CountMin,"(1, 100, 'uint64')",CountMinBuild_1_100_uint64,1,1,1000,10,100000,-1,16.26563787460327,297191.1129032258,214.04658031463623,COMPILER,4,20000,HASH_JOIN,1048576,8192,False,probe:no_measurements
ClusterMonitoring,CountMin,"(1, 100, 'uint64')",CountMinBuild_1_100_uint64,1,1,1000,10,100000,-1,16.017430782318115,294836.82916666666,228.03954005241394,COMPILER,4,20000,HASH_JOIN,1048576,8192,False,probe:no_measurements
ClusterMonitoring,CountMin,"(1, 100, 'uint64')",CountMinBuild_1_100_uint64,1,1,1,10,100000,1137546.25,18.01484775543213,293705.7480620155,222.3049600124359,COMPILER,4,20000,HASH_JOIN,1048576,8192,True,ok
ClusterMonitoring,CountMin,"(1, 100, 'uint64')",CountMinBuild_1_100_uint64,1,1,1,10,100000,1010846.25,18.267269134521484,293208.6198347107,226.3089280128479,COMPILER,4,20000,HASH_JOIN,1048576,8192,True,ok
ClusterMonitoring,CountMin,"(1, 100, 'uint64')",CountMinBuild_1_100_uint64,1,1,1,10,100000,1010940.0,43.34950375556946,288971.9516129032,251.63362646102905,COMPILER,4,20000,HASH_JOIN,1048576,8192,True,ok
ClusterMonitoring,CountMin,"(1, 100, 'uint64')",CountMinBuild_1_100_uint64,1,1,1000,10,100000,-1,16.01799726486206,290579.40566412214,230.06002163887024,COMPILER,4,20000,HASH_JOIN,1048576,8192,True,probe:no_measurements
ClusterMonitoring,CountMin,"(1, 100, 'uint64')",CountMinBuild_1_100_uint64,1,1,1000,10,100000,-1,16.265901803970337,297879.45081967214,270.7183539867401,COMPILER,4,20000,HASH_JOIN,1048576,8192,True,probe:no_measurements
ClusterMonitoring,CountMin,"(1, 100, 'uint64')",CountMinBuild_1_100_uint64,1,1,1000,10,100000,-1,16.01734972000122,294521.32677165355,224.06022906303406,COMPILER,4,20000,HASH_JOIN,1048576,8192,True,probe:no_measurements
ClusterMonitoring,CountMin,"(1, 100, 'uint64')",CountMinBuild_1_100_uint64,1,1,1,10,100000,2097500.0,36.49021911621094,663965.4977473684,152.28015756607056,COMPILER,16,20000,HASH_JOIN,1048576,8192,False,buffer_exhaustion
ClusterMonitoring,CountMin,"(1, 100, 'uint64')",CountMinBuild_1_100_uint64,1,1,1,10,100000,1975500.0,18.016048192977905,620910.3061584159,234.03698420524597,COMPILER,16,20000,HASH_JOIN,1048576,8192,False,ok
ClusterMonitoring,CountMin,"(1, 100, 'uint64')",CountMinBuild_1_100_uint64,1,1,1000,10,100000,-1,16.014703273773193,647304.9651603773,240.0354597568512,COMPILER,16,20000,HASH_JOIN,1048576,8192,False,probe:no_measurements
ClusterMonitoring,CountMin,"(1, 100, 'uint64')",CountMinBuild_1_100_uint64,1,1,1000,10,100000,-1,16.01295828819275,655698.7117075472,232.036554813385,COMPILER,16,20000,HASH_JOIN,1048576,8192,False,probe:no_measurements
ClusterMonitoring,CountMin,"(1, 100, 'uint64')",CountMinBuild_1_100_uint64,1,1,1,10,100000,1198397.5,43.597252368927,635565.2419215686,236.3099730014801,COMPILER,16,20000,HASH_JOIN,1048576,8192,True,ok
ClusterMonitoring,CountMin,"(1, 100, 'uint64')",CountMinBuild_1_100_uint64,1,1,1,10,100000,1797500.0,43.34708261489868,658008.8542413793,152.29255151748657,COMPILER,16,20000,HASH_JOIN,1048576,8192,True,buffer_exhaustion
ClusterMonitoring,CountMin,"(1, 100, 'uint64')",CountMinBuild_1_100_uint64,1,1,1000,10,100000,-1,16.017179012298584,731198.275,90.03217911720276,COMPILER,16,20000,HASH_JOIN,1048576,8192,True,buffer_exhaustion
ClusterMonitoring,CountMin,"(10, 10000, 'uint64')",CountMinBuild_10_10000_uint64,1,1,1,10,100000,-1,0.0,-1,12.020190238952637,COMPILER,4,20000,HASH_JOIN,1048576,8192,False,build:crashed:-9
ClusterMonitoring,CountMin,"(10, 10000, 'uint64')",CountMinBuild_10_10000_uint64,1,1,1,10,100000,-1,0.0,-1,10.281887292861938,COMPILER,4,20000,HASH_JOIN,1048576,8192,False,build:crashed:-9
ClusterMonitoring,CountMin,"(10, 10000, 'uint64')",CountMinBuild_10_10000_uint64,1,1,1,10,100000,-1,0.0,-1,35.369102001190186,COMPILER,4,20000,HASH_JOIN,1048576,8192,False,build:crashed:-9
ClusterMonitoring,CountMin,"(10, 10000, 'uint64')",CountMinBuild_10_10000_uint64,1,1,1000,10,100000,-1,0.0,-1,10.027611255645752,COMPILER,4,20000,HASH_JOIN,1048576,8192,False,build:crashed:-9
ClusterMonitoring,CountMin,"(10, 10000, 'uint64')",CountMinBuild_10_10000_uint64,1,1,1000,10,100000,-1,0.0,-1,60.93802332878113,COMPILER,4,20000,HASH_JOIN,1048576,8192,False,build:crashed:-9
ClusterMonitoring,CountMin,"(10, 10000, 'uint64')",CountMinBuild_10_10000_uint64,1,1,1000,10,100000,-1,0.0,-1,60.69748640060425,COMPILER,4,20000,HASH_JOIN,1048576,8192,False,build:crashed:-9
ClusterMonitoring,CountMin,"(10, 10000, 'uint64')",CountMinBuild_10_10000_uint64,1,1,1,10,100000,-1,0.0,-1,35.35423183441162,COMPILER,4,20000,HASH_JOIN,1048576,8192,True,build:crashed:-9
ClusterMonitoring,CountMin,"(10, 10000, 'uint64')",CountMinBuild_10_10000_uint64,1,1,1,10,100000,-1,0.0,-1,35.368263244628906,COMPILER,4,20000,HASH_JOIN,1048576,8192,True,build:crashed:-9
ClusterMonitoring,CountMin,"(10, 10000, 'uint64')",CountMinBuild_10_10000_uint64,1,1,1,10,100000,-1,0.0,-1,37.35693168640137,COMPILER,4,20000,HASH_JOIN,1048576,8192,True,build:crashed:-9
ClusterMonitoring,CountMin,"(10, 10000, 'uint64')",CountMinBuild_10_10000_uint64,1,1,1000,10,100000,-1,0.0,-1,37.36028456687927,COMPILER,4,20000,HASH_JOIN,1048576,8192,True,build:crashed:-9
ClusterMonitoring,CountMin,"(10, 10000, 'uint64')",CountMinBuild_10_10000_uint64,1,1,1000,10,100000,-1,0.0,-1,35.609551668167114,COMPILER,4,20000,HASH_JOIN,1048576,8192,True,build:crashed:-9
ClusterMonitoring,CountMin,"(10, 10000, 'uint64')",CountMinBuild_10_10000_uint64,1,1,1000,10,100000,-1,0.0,-1,10.041979789733887,COMPILER,4,20000,HASH_JOIN,1048576,8192,True,build:crashed:-9
ClusterMonitoring,CountMin,"(10, 10000, 'uint64')",CountMinBuild_10_10000_uint64,1,1,1,10,100000,-1,0.0,-1,6.278824090957642,COMPILER,16,20000,HASH_JOIN,1048576,8192,False,build:crashed:-9
ClusterMonitoring,CountMin,"(10, 10000, 'uint64')",CountMinBuild_10_10000_uint64,1,1,1,10,100000,-1,0.0,-1,6.032960891723633,COMPILER,16,20000,HASH_JOIN,1048576,8192,False,build:crashed:-9
ClusterMonitoring,CountMin,"(10, 10000, 'uint64')",CountMinBuild_10_10000_uint64,1,1,1,10,100000,-1,0.0,-1,31.368197679519653,COMPILER,16,20000,HASH_JOIN,1048576,8192,False,build:crashed:-9
ClusterMonitoring,CountMin,"(10, 10000, 'uint64')",CountMinBuild_10_10000_uint64,1,1,1000,10,100000,-1,0.0,-1,6.0315492153167725,COMPILER,16,20000,HASH_JOIN,1048576,8192,False,build:crashed:-9
ClusterMonitoring,CountMin,"(10, 10000, 'uint64')",CountMinBuild_10_10000_uint64,1,1,1000,10,100000,-1,0.0,-1,56.6970009803772,COMPILER,16,20000,HASH_JOIN,1048576,8192,False,build:crashed:-9
ClusterMonitoring,CountMin,"(10, 10000, 'uint64')",CountMinBuild_10_10000_uint64,1,1,1000,10,100000,-1,0.0,-1,29.367832899093628,COMPILER,16,20000,HASH_JOIN,1048576,8192,False,build:crashed:-9
ClusterMonitoring,CountMin,"(10, 10000, 'uint64')",CountMinBuild_10_10000_uint64,1,1,1,10,100000,-1,0.0,-1,6.028443813323975,COMPILER,16,20000,HASH_JOIN,1048576,8192,True,build:crashed:-9
ClusterMonitoring,CountMin,"(10, 10000, 'uint64')",CountMinBuild_10_10000_uint64,1,1,1,10,100000,-1,0.0,-1,56.703293800354004,COMPILER,16,20000,HASH_JOIN,1048576,8192,True,build:crashed:-9
ClusterMonitoring,CountMin,"(10, 10000, 'uint64')",CountMinBuild_10_10000_uint64,1,1,1,10,100000,-1,0.0,-1,6.028064966201782,COMPILER,16,20000,HASH_JOIN,1048576,8192,True,build:crashed:-9
ClusterMonitoring,CountMin,"(10, 10000, 'uint64')",CountMinBuild_10_10000_uint64,1,1,1000,10,100000,-1,0.0,-1,6.037541389465332,COMPILER,16,20000,HASH_JOIN,1048576,8192,True,build:crashed:-9
ClusterMonitoring,CountMin,"(10, 10000, 'uint64')",CountMinBuild_10_10000_uint64,1,1,1000,10,100000,-1,0.0,-1,6.032364130020142,COMPILER,16,20000,HASH_JOIN,1048576,8192,True,build:crashed:-9
ClusterMonitoring,CountMin,"(10, 10000, 'uint64')",CountMinBuild_10_10000_uint64,1,1,1000,10,100000,-1,0.0,-1,6.028641223907471,COMPILER,16,20000,HASH_JOIN,1048576,8192,True,build:crashed:-9
ClusterMonitoring,Reservoir,100,ReservoirBuild_100,1,1,1,10,1,50.0,18.27495265007019,182172.98742138364,188.30233454704285,COMPILER,1,20000,HASH_JOIN,1048576,8192,False,ok
ClusterMonitoring,Reservoir,100,ReservoirBuild_100,1,1,1,10,1,50.0,43.35176134109497,183727.51157894736,178.04051446914673,COMPILER,1,20000,HASH_JOIN,1048576,8192,False,ok
ClusterMonitoring,Reservoir,100,ReservoirBuild_100,1,1,1,10,1,50.0,18.020729303359985,179734.92723492722,213.62090706825256,COMPILER,1,20000,HASH_JOIN,1048576,8192,False,ok
ClusterMonitoring,Reservoir,100,ReservoirBuild_100,1,1,1000,10,1,50.0,18.269720315933228,180478.25363825363,190.2859275341034,COMPILER,1,20000,HASH_JOIN,1048576,8192,False,ok
ClusterMonitoring,Reservoir,100,ReservoirBuild_100,1,1,1000,10,1,50.0,18.019054412841797,185122.63347457626,180.28244256973267,COMPILER,1,20000,HASH_JOIN,1048576,8192,False,ok
ClusterMonitoring,Reservoir,100,ReservoirBuild_100,1,1,1000,10,1,50.0,18.018710136413574,181820.0864978903,196.29378533363342,COMPILER,1,20000,HASH_JOIN,1048576,8192,False,ok
ClusterMonitoring,Reservoir,100,ReservoirBuild_100,1,1,1,10,1,50.0,43.35541391372681,180325.3734439834,188.05937099456787,COMPILER,1,20000,HASH_JOIN,1048576,8192,True,ok
ClusterMonitoring,Reservoir,100,ReservoirBuild_100,1,1,1,10,1,50.0,68.68922066688538,180528.05613305615,215.62400555610657,COMPILER,1,20000,HASH_JOIN,1048576,8192,True,ok
ClusterMonitoring,Reservoir,100,ReservoirBuild_100,1,1,1,10,1,50.0,18.282206058502197,178381.80991735536,194.30797386169434,COMPILER,1,20000,HASH_JOIN,1048576,8192,True,ok
ClusterMonitoring,Reservoir,100,ReservoirBuild_100,1,1,1000,10,1,50.0,43.350932598114014,182627.4789029536,194.32640433311462,COMPILER,1,20000,HASH_JOIN,1048576,8192,True,ok
ClusterMonitoring,Reservoir,100,ReservoirBuild_100,1,1,1000,10,1,50.0,18.272292137145996,175819.1498973306,235.62875819206238,COMPILER,1,20000,HASH_JOIN,1048576,8192,True,ok
ClusterMonitoring,Reservoir,100,ReservoirBuild_100,1,1,1000,10,1,50.0,18.02271795272827,179048.4090909091,211.6387538909912,COMPILER,1,20000,HASH_JOIN,1048576,8192,True,ok
ClusterMonitoring,Reservoir,100,ReservoirBuild_100,1,1,1,10,1,50.0,68.69411158561707,346567.5303030303,227.3662393093109,COMPILER,4,20000,HASH_JOIN,1048576,8192,False,ok
ClusterMonitoring,Reservoir,100,ReservoirBuild_100,1,1,1,10,1,50.0,18.26934576034546,346103.8969072165,198.2863781452179,COMPILER,4,20000,HASH_JOIN,1048576,8192,False,ok
ClusterMonitoring,Reservoir,100,ReservoirBuild_100,1,1,1,10,1,50.0,43.34745216369629,341523.18686868687,206.2875256538391,COMPILER,4,20000,HASH_JOIN,1048576,8192,False,ok
ClusterMonitoring,Reservoir,100,ReservoirBuild_100,1,1,1000,10,1,50.0,43.352492332458496,348698.97409326426,219.6204149723053,COMPILER,4,20000,HASH_JOIN,1048576,8192,False,ok
ClusterMonitoring,Reservoir,100,ReservoirBuild_100,1,1,1000,10,1,50.0,18.269040822982788,332196.22167487687,276.6867368221283,COMPILER,4,20000,HASH_JOIN,1048576,8192,False,ok
ClusterMonitoring,Reservoir,100,ReservoirBuild_100,1,1,1000,10,1,50.0,18.017163515090942,341666.39303482586,196.03466391563416,COMPILER,4,20000,HASH_JOIN,1048576,8192,False,ok
ClusterMonitoring,Reservoir,100,ReservoirBuild_100,1,1,1,10,1,50.0,18.270557641983032,338274.83248730964,231.38333916664124,COMPILER,4,20000,HASH_JOIN,1048576,8192,True,ok
ClusterMonitoring,Reservoir,100,ReservoirBuild_100,1,1,1,10,1,50.0,43.35192370414734,352349.55497382197,225.6294128894806,COMPILER,4,20000,HASH_JOIN,1048576,8192,True,ok
ClusterMonitoring,Reservoir,100,ReservoirBuild_100,1,1,1,10,1,50.0,18.018484592437744,347387.0257731959,210.3084273338318,COMPILER,4,20000,HASH_JOIN,1048576,8192,True,ok
ClusterMonitoring,Reservoir,100,ReservoirBuild_100,1,1,1000,10,1,50.0,18.021207094192505,352236.6614583333,198.30225586891174,COMPILER,4,20000,HASH_JOIN,1048576,8192,True,ok
ClusterMonitoring,Reservoir,100,ReservoirBuild_100,1,1,1000,10,1,50.0,43.601569175720215,339313.3582089552,214.04256534576416,COMPILER,4,20000,HASH_JOIN,1048576,8192,True,ok
ClusterMonitoring,Reservoir,100,ReservoirBuild_100,1,1,1000,10,1,50.0,18.02081060409546,334174.2087378641,245.38610911369324,COMPILER,4,20000,HASH_JOIN,1048576,8192,True,ok
ClusterMonitoring,Reservoir,100,ReservoirBuild_100,1,1,1,10,1,50.0,18.268774032592773,553645.2261904762,220.04718494415283,COMPILER,16,20000,HASH_JOIN,1048576,8192,False,ok
ClusterMonitoring,Reservoir,100,ReservoirBuild_100,1,1,1,10,1,50.0,18.01749563217163,539797.0229885058,212.2930142879486,COMPILER,16,20000,HASH_JOIN,1048576,8192,False,ok
ClusterMonitoring,Reservoir,100,ReservoirBuild_100,1,1,1,10,1,50.0,43.34963059425354,561097.3414634146,235.61037349700928,COMPILER,16,20000,HASH_JOIN,1048576,8192,False,ok
ClusterMonitoring,Reservoir,100,ReservoirBuild_100,1,1,1000,10,1,50.0,18.016900300979614,529388.1686746988,216.28872966766357,COMPILER,16,20000,HASH_JOIN,1048576,8192,False,ok
ClusterMonitoring,Reservoir,100,ReservoirBuild_100,1,1,1000,10,1,50.0,18.26850414276123,611597.447368421,212.0366816520691,COMPILER,16,20000,HASH_JOIN,1048576,8192,False,ok
ClusterMonitoring,Reservoir,100,ReservoirBuild_100,1,1,1000,10,1,50.0,18.018117666244507,579779.506849315,210.0335991382599,COMPILER,16,20000,HASH_JOIN,1048576,8192,False,ok
ClusterMonitoring,Reservoir,100,ReservoirBuild_100,1,1,1,10,1,50.0,43.35155010223389,521795.8604651163,234.03974747657776,COMPILER,16,20000,HASH_JOIN,1048576,8192,True,ok
ClusterMonitoring,Reservoir,100,ReservoirBuild_100,1,1,1,10,1,50.0,43.35327458381653,552763.45,263.38168692588806,COMPILER,16,20000,HASH_JOIN,1048576,8192,True,ok
ClusterMonitoring,Reservoir,100,ReservoirBuild_100,1,1,1,10,1,50.0,18.269886255264282,571014.8902439025,220.2907009124756,COMPILER,16,20000,HASH_JOIN,1048576,8192,True,ok
ClusterMonitoring,Reservoir,100,ReservoirBuild_100,1,1,1000,10,1,50.0,18.01857876777649,562654.0987654321,222.06555843353271,COMPILER,16,20000,HASH_JOIN,1048576,8192,True,ok
ClusterMonitoring,Reservoir,100,ReservoirBuild_100,1,1,1000,10,1,50.0,18.021737337112427,525074.925925926,218.06410765647888,COMPILER,16,20000,HASH_JOIN,1048576,8192,True,ok
ClusterMonitoring,Reservoir,100,ReservoirBuild_100,1,1,1000,10,1,50.0,68.67875838279724,573151.6144578314,224.04699325561523,COMPILER,16,20000,HASH_JOIN,1048576,8192,True,ok
ClusterMonitoring,Reservoir,1000,ReservoirBuild_1000,1,1,1,10,1,50.0,43.60168099403381,176550.22950819673,227.3652799129486,COMPILER,1,20000,HASH_JOIN,1048576,8192,False,ok
ClusterMonitoring,Reservoir,1000,ReservoirBuild_1000,1,1,1,10,1,50.0,18.020606994628906,179392.03105590062,192.03393483161926,COMPILER,1,20000,HASH_JOIN,1048576,8192,False,ok
ClusterMonitoring,Reservoir,1000,ReservoirBuild_1000,1,1,1,10,1,50.0,18.019540786743164,180779.76409185803,190.0342366695404,COMPILER,1,20000,HASH_JOIN,1048576,8192,False,ok
ClusterMonitoring,Reservoir,1000,ReservoirBuild_1000,1,1,1000,10,1,50.0,43.34789323806763,179935.22360248448,190.2945065498352,COMPILER,1,20000,HASH_JOIN,1048576,8192,False,ok
ClusterMonitoring,Reservoir,1000,ReservoirBuild_1000,1,1,1000,10,1,50.0,18.270232439041138,177711.70901639343,217.3675730228424,COMPILER,1,20000,HASH_JOIN,1048576,8192,False,ok
ClusterMonitoring,Reservoir,1000,ReservoirBuild_1000,1,1,1000,10,1,50.0,18.27020263671875,178532.95228215767,202.29877185821533,COMPILER,1,20000,HASH_JOIN,1048576,8192,False,ok
ClusterMonitoring,Reservoir,1000,ReservoirBuild_1000,1,1,1,10,1,50.0,18.024598836898804,177135.77959183673,190.062397480011,COMPILER,1,20000,HASH_JOIN,1048576,8192,True,ok
ClusterMonitoring,Reservoir,1000,ReservoirBuild_1000,1,1,1,10,1,50.0,43.609811305999756,179602.35743801654,211.37192797660828,COMPILER,1,20000,HASH_JOIN,1048576,8192,True,ok
ClusterMonitoring,Reservoir,1000,ReservoirBuild_1000,1,1,1,10,1,50.0,18.022804021835327,178464.10515463917,194.06831860542297,COMPILER,1,20000,HASH_JOIN,1048576,8192,True,ok
ClusterMonitoring,Reservoir,1000,ReservoirBuild_1000,1,1,1000,10,1,50.0,18.022364139556885,176525.37909836066,196.296968460083,COMPILER,1,20000,HASH_JOIN,1048576,8192,True,ok
ClusterMonitoring,Reservoir,1000,ReservoirBuild_1000,1,1,1000,10,1,50.0,68.94057011604309,174223.63967611335,206.05964636802673,COMPILER,1,20000,HASH_JOIN,1048576,8192,True,ok
ClusterMonitoring,Reservoir,1000,ReservoirBuild_1000,1,1,1000,10,1,50.0,18.2716646194458,176817.9509202454,196.30793285369873,COMPILER,1,20000,HASH_JOIN,1048576,8192,True,ok
ClusterMonitoring,Reservoir,1000,ReservoirBuild_1000,1,1,1,10,1,50.0,43.60210919380188,342016.5408163265,256.9486405849457,COMPILER,4,20000,HASH_JOIN,1048576,8192,False,ok
ClusterMonitoring,Reservoir,1000,ReservoirBuild_1000,1,1,1,10,1,50.0,18.021241903305054,344454.50785340316,206.2888126373291,COMPILER,4,20000,HASH_JOIN,1048576,8192,False,ok
ClusterMonitoring,Reservoir,1000,ReservoirBuild_1000,1,1,1,10,1,50.0,18.01705241203308,340797.93264248705,202.28317403793335,COMPILER,4,20000,HASH_JOIN,1048576,8192,False,ok
ClusterMonitoring,Reservoir,1000,ReservoirBuild_1000,1,1,1000,10,1,50.0,18.26875901222229,340471.4974358974,214.04072427749634,COMPILER,4,20000,HASH_JOIN,1048576,8192,False,ok
ClusterMonitoring,Reservoir,1000,ReservoirBuild_1000,1,1,1000,10,1,50.0,18.021373510360718,342546.6546391753,206.0355703830719,COMPILER,4,20000,HASH_JOIN,1048576,8192,False,ok
ClusterMonitoring,Reservoir,1000,ReservoirBuild_1000,1,1,1000,10,1,50.0,43.34963035583496,343971.93157894735,208.03626990318298,COMPILER,4,20000,HASH_JOIN,1048576,8192,False,ok
ClusterMonitoring,Reservoir,1000,ReservoirBuild_1000,1,1,1,10,1,50.0,18.02163863182068,346106.0729166667,222.05617094039917,COMPILER,4,20000,HASH_JOIN,1048576,8192,True,ok
ClusterMonitoring,Reservoir,1000,ReservoirBuild_1000,1,1,1,10,1,50.0,18.27390432357788,333660.6231155779,222.06434321403503,COMPILER,4,20000,HASH_JOIN,1048576,8192,True,ok
ClusterMonitoring,Reservoir,1000,ReservoirBuild_1000,1,1,1000,10,1,50.0,18.018900156021118,342376.8205128205,239.6306631565094,COMPILER,4,20000,HASH_JOIN,1048576,8192,True,ok
ClusterMonitoring,Reservoir,1000,ReservoirBuild_1000,1,1,1000,10,1,50.0,18.270909309387207,340473.1230769231,214.29875469207764,COMPILER,4,20000,HASH_JOIN,1048576,8192,True,ok
ClusterMonitoring,Reservoir,1000,ReservoirBuild_1000,1,1,1000,10,1,50.0,18.27303981781006,337598.9947643979,245.3704104423523,COMPILER,4,20000,HASH_JOIN,1048576,8192,True,ok
ClusterMonitoring,Reservoir,1000,ReservoirBuild_1000,1,1,1,10,1,50.0,43.60432481765747,530464.8235294118,236.28695583343506,COMPILER,16,20000,HASH_JOIN,1048576,8192,False,ok
ClusterMonitoring,Reservoir,1000,ReservoirBuild_1000,1,1,1,10,1,50.0,18.017359733581543,536388.3950617284,220.28620314598083,COMPILER,16,20000,HASH_JOIN,1048576,8192,False,ok
ClusterMonitoring,Reservoir,1000,ReservoirBuild_1000,1,1,1,10,1,50.0,18.26811408996582,518256.5714285714,220.28894782066345,COMPILER,16,20000,HASH_JOIN,1048576,8192,False,ok
ClusterMonitoring,Reservoir,1000,ReservoirBuild_1000,1,1,1000,10,1,50.0,68.93248915672302,544806.8977272727,226.02755880355835,COMPILER,16,20000,HASH_JOIN,1048576,8192,False,ok
ClusterMonitoring,Reservoir,1000,ReservoirBuild_1000,1,1,1000,10,1,50.0,43.346773624420166,581659.6455696203,224.2864899635315,COMPILER,16,20000,HASH_JOIN,1048576,8192,False,ok
ClusterMonitoring,Reservoir,1000,ReservoirBuild_1000,1,1,1000,10,1,50.0,18.26883053779602,528145.1058823529,251.36353969573975,COMPILER,16,20000,HASH_JOIN,1048576,8192,False,ok
ClusterMonitoring,Reservoir,1000,ReservoirBuild_1000,1,1,1,10,1,50.0,18.021248817443848,582639.8289473684,263.38444995880127,COMPILER,16,20000,HASH_JOIN,1048576,8192,True,ok
ClusterMonitoring,Reservoir,1000,ReservoirBuild_1000,1,1,1,10,1,50.0,43.34840178489685,568974.7763157894,267.3693060874939,COMPILER,16,20000,HASH_JOIN,1048576,8192,True,ok
ClusterMonitoring,Reservoir,1000,ReservoirBuild_1000,1,1,1,10,1,50.0,18.270787954330444,529012.4268292683,257.6339409351349,COMPILER,16,20000,HASH_JOIN,1048576,8192,True,ok
ClusterMonitoring,Reservoir,1000,ReservoirBuild_1000,1,1,1000,10,1,50.0,18.01990818977356,542477.1058823529,236.30786085128784,COMPILER,16,20000,HASH_JOIN,1048576,8192,True,ok
ClusterMonitoring,Reservoir,1000,ReservoirBuild_1000,1,1,1000,10,1,50.0,18.01779556274414,541150.8588235294,238.3090558052063,COMPILER,16,20000,HASH_JOIN,1048576,8192,True,ok
ClusterMonitoring,Reservoir,1000,ReservoirBuild_1000,1,1,1000,10,1,50.0,43.35389685630798,533354.987804878,250.31256341934204,COMPILER,16,20000,HASH_JOIN,1048576,8192,True,ok
ClusterMonitoring,EquiWidthHistogram,"(100, 0, 100000, 'uint64')",EquiWidthHistogramBuild_100_0_100000_uint64,1,1,1,10,1,50.0,18.265439748764038,186239.5797413793,198.29334044456482,COMPILER,1,20000,HASH_JOIN,1048576,8192,False,ok
ClusterMonitoring,EquiWidthHistogram,"(100, 0, 100000, 'uint64')",EquiWidthHistogramBuild_100_0_100000_uint64,1,1,1,10,1,50.0,18.017630577087402,187624.99785867237,174.2885546684265,COMPILER,1,20000,HASH_JOIN,1048576,8192,False,ok
ClusterMonitoring,EquiWidthHistogram,"(100, 0, 100000, 'uint64')",EquiWidthHistogramBuild_100_0_100000_uint64,1,1,1,10,1,50.0,18.013451099395752,193045.00441501103,176.29143404960632,COMPILER,1,20000,HASH_JOIN,1048576,8192,False,ok
ClusterMonitoring,EquiWidthHistogram,"(100, 0, 100000, 'uint64')",EquiWidthHistogramBuild_100_0_100000_uint64,1,1,1000,10,1,50.0,43.34380626678467,192388.24835164836,226.94532680511475,COMPILER,1,20000,HASH_JOIN,1048576,8192,False,ok
ClusterMonitoring,EquiWidthHistogram,"(100, 0, 100000, 'uint64')",EquiWidthHistogramBuild_100_0_100000_uint64,1,1,1000,10,1,50.0,18.269765377044678,190440.76739130434,178.28857731819153,COMPILER,1,20000,HASH_JOIN,1048576,8192,False,ok
ClusterMonitoring,EquiWidthHistogram,"(100, 0, 100000, 'uint64')",EquiWidthHistogramBuild_100_0_100000_uint64,1,1,1000,10,1,50.0,43.34132361412048,191261.37336244542,178.03935480117798,COMPILER,1,20000,HASH_JOIN,1048576,8192,False,ok
ClusterMonitoring,EquiWidthHistogram,"(100, 0, 100000, 'uint64')",EquiWidthHistogramBuild_100_0_100000_uint64,1,1,1,10,1,50.0,43.34212684631348,183985.3547008547,200.06827592849731,COMPILER,1,20000,HASH_JOIN,1048576,8192,True,ok
ClusterMonitoring,EquiWidthHistogram,"(100, 0, 100000, 'uint64')",EquiWidthHistogramBuild_100_0_100000_uint64,1,1,1,10,1,50.0,18.014864206314087,186265.03004291846,186.04569935798645,COMPILER,1,20000,HASH_JOIN,1048576,8192,True,ok
ClusterMonitoring,EquiWidthHistogram,"(100, 0, 100000, 'uint64')",EquiWidthHistogramBuild_100_0_100000_uint64,1,1,1,10,1,50.0,43.343400716781616,186395.48822269807,188.30382823944092,COMPILER,1,20000,HASH_JOIN,1048576,8192,True,ok
ClusterMonitoring,EquiWidthHistogram,"(100, 0, 100000, 'uint64')",EquiWidthHistogramBuild_100_0_100000_uint64,1,1,1000,10,1,50.0,18.016206741333008,182010.07983193276,211.63192629814148,COMPILER,1,20000,HASH_JOIN,1048576,8192,True,ok
ClusterMonitoring,EquiWidthHistogram,"(100, 0, 100000, 'uint64')",EquiWidthHistogramBuild_100_0_100000_uint64,1,1,1000,10,1,50.0,18.267265558242798,191036.72549019608,222.69963955879211,COMPILER,1,20000,HASH_JOIN,1048576,8192,True,ok
ClusterMonitoring,EquiWidthHistogram,"(100, 0, 100000, 'uint64')",EquiWidthHistogramBuild_100_0_100000_uint64,1,1,1000,10,1,50.0,18.27057123184204,184413.62260127932,190.04294967651367,COMPILER,1,20000,HASH_JOIN,1048576,8192,True,ok
ClusterMonitoring,EquiWidthHistogram,"(100, 0, 100000, 'uint64')",EquiWidthHistogramBuild_100_0_100000_uint64,1,1,1,10,1,50.0,18.012899160385132,348990.86010362697,202.03581285476685,COMPILER,4,20000,HASH_JOIN,1048576,8192,False,ok
ClusterMonitoring,EquiWidthHistogram,"(100, 0, 100000, 'uint64')",EquiWidthHistogramBuild_100_0_100000_uint64,1,1,1,10,1,50.0,18.016673803329468,346868.6307692308,192.297367811203,COMPILER,4,20000,HASH_JOIN,1048576,8192,False,ok
ClusterMonitoring,EquiWidthHistogram,"(100, 0, 100000, 'uint64')",EquiWidthHistogramBuild_100_0_100000_uint64,1,1,1,10,1,50.0,68.66784811019897,344684.41414141416,190.03699612617493,COMPILER,4,20000,HASH_JOIN,1048576,8192,False,ok
ClusterMonitoring,EquiWidthHistogram,"(100, 0, 100000, 'uint64')",EquiWidthHistogramBuild_100_0_100000_uint64,1,1,1000,10,1,50.0,18.01696014404297,350886.1693121693,214.02707028388977,COMPILER,4,20000,HASH_JOIN,1048576,8192,False,ok
ClusterMonitoring,EquiWidthHistogram,"(100, 0, 100000, 'uint64')",EquiWidthHistogramBuild_100_0_100000_uint64,1,1,1000,10,1,50.0,18.013222455978394,346825.45408163266,231.37226128578186,COMPILER,4,20000,HASH_JOIN,1048576,8192,False,ok
ClusterMonitoring,EquiWidthHistogram,"(100, 0, 100000, 'uint64')",EquiWidthHistogramBuild_100_0_100000_uint64,1,1,1000,10,1,50.0,18.26827096939087,346682.2590673575,204.03681588172913,COMPILER,4,20000,HASH_JOIN,1048576,8192,False,ok
ClusterMonitoring,EquiWidthHistogram,"(100, 0, 100000, 'uint64')",EquiWidthHistogramBuild_100_0_100000_uint64,1,1,1,10,1,50.0,18.01414203643799,346964.0103626943,206.0467813014984,COMPILER,4,20000,HASH_JOIN,1048576,8192,True,ok
ClusterMonitoring,EquiWidthHistogram,"(100, 0, 100000, 'uint64')",EquiWidthHistogramBuild_100_0_100000_uint64,1,1,1,10,1,50.0,43.34618401527405,348235.5885416667,198.0494225025177,COMPILER,4,20000,HASH_JOIN,1048576,8192,True,ok
ClusterMonitoring,EquiWidthHistogram,"(100, 0, 100000, 'uint64')",EquiWidthHistogramBuild_100_0_100000_uint64,1,1,1,10,1,50.0,18.265968799591064,354567.1989528796,217.37544989585876,COMPILER,4,20000,HASH_JOIN,1048576,8192,True,ok
ClusterMonitoring,EquiWidthHistogram,"(100, 0, 100000, 'uint64')",EquiWidthHistogramBuild_100_0_100000_uint64,1,1,1000,10,1,50.0,18.01889729499817,344076.9336734694,188.05775952339172,COMPILER,4,20000,HASH_JOIN,1048576,8192,True,ok
ClusterMonitoring,EquiWidthHistogram,"(100, 0, 100000, 'uint64')",EquiWidthHistogramBuild_100_0_100000_uint64,1,1,1000,10,1,50.0,18.01717233657837,346506.55670103093,192.04991698265076,COMPILER,4,20000,HASH_JOIN,1048576,8192,True,ok
ClusterMonitoring,EquiWidthHistogram,"(100, 0, 100000, 'uint64')",EquiWidthHistogramBuild_100_0_100000_uint64,1,1,1000,10,1,50.0,18.266480922698975,351294.1263157895,194.29104948043823,COMPILER,4,20000,HASH_JOIN,1048576,8192,True,ok
ClusterMonitoring,EquiWidthHistogram,"(100, 0, 100000, 'uint64')",EquiWidthHistogramBuild_100_0_100000_uint64,1,1,1,10,1,50.0,18.01381754875183,553829.5432098765,228.2781937122345,COMPILER,16,20000,HASH_JOIN,1048576,8192,False,ok
ClusterMonitoring,EquiWidthHistogram,"(100, 0, 100000, 'uint64')",EquiWidthHistogramBuild_100_0_100000_uint64,1,1,1,10,1,50.0,18.012542724609375,530416.9302325582,237.60844349861145,COMPILER,16,20000,HASH_JOIN,1048576,8192,False,ok
ClusterMonitoring,EquiWidthHistogram,"(100, 0, 100000, 'uint64')",EquiWidthHistogramBuild_100_0_100000_uint64,1,1,1,10,1,50.0,18.264880895614624,582390.48,216.0285301208496,COMPILER,16,20000,HASH_JOIN,1048576,8192,False,ok
ClusterMonitoring,EquiWidthHistogram,"(100, 0, 100000, 'uint64')",EquiWidthHistogramBuild_100_0_100000_uint64,1,1,1000,10,1,50.0,18.012537956237793,563576.0722891566,214.03319239616394,COMPILER,16,20000,HASH_JOIN,1048576,8192,False,ok
ClusterMonitoring,EquiWidthHistogram,"(100, 0, 100000, 'uint64')",EquiWidthHistogramBuild_100_0_100000_uint64,1,1,1000,10,1,50.0,18.2651584148407,542003.2808988764,220.0379946231842,COMPILER,16,20000,HASH_JOIN,1048576,8192,False,ok
ClusterMonitoring,EquiWidthHistogram,"(100, 0, 100000, 'uint64')",EquiWidthHistogramBuild_100_0_100000_uint64,1,1,1000,10,1,50.0,43.34127902984619,550801.0722891566,222.28623723983765,COMPILER,16,20000,HASH_JOIN,1048576,8192,False,ok
ClusterMonitoring,EquiWidthHistogram,"(100, 0, 100000, 'uint64')",EquiWidthHistogramBuild_100_0_100000_uint64,1,1,1,10,1,50.0,18.015370845794678,604118.5308641975,239.63156270980835,COMPILER,16,20000,HASH_JOIN,1048576,8192,True,ok
ClusterMonitoring,EquiWidthHistogram,"(100, 0, 100000, 'uint64')",EquiWidthHistogramBuild_100_0_100000_uint64,1,1,1,10,1,50.0,18.01650357246399,596232.6712328767,258.95042991638184,COMPILER,16,20000,HASH_JOIN,1048576,8192,True,ok
ClusterMonitoring,EquiWidthHistogram,"(100, 0, 100000, 'uint64')",EquiWidthHistogramBuild_100_0_100000_uint64,1,1,1,10,1,50.0,18.01575756072998,572492.8902439025,210.04114508628845,COMPILER,16,20000,HASH_JOIN,1048576,8192,True,ok
ClusterMonitoring,EquiWidthHistogram,"(100, 0, 100000, 'uint64')",EquiWidthHistogramBuild_100_0_100000_uint64,1,1,1000,10,1,50.0,18.0167875289917,585436.7411764705,264.7076783180237,COMPILER,16,20000,HASH_JOIN,1048576,8192,True,ok
ClusterMonitoring,EquiWidthHistogram,"(100, 0, 100000, 'uint64')",EquiWidthHistogramBuild_100_0_100000_uint64,1,1,1000,10,1,50.0,18.26572871208191,524569.988764045,212.3015763759613,COMPILER,16,20000,HASH_JOIN,1048576,8192,True,ok
ClusterMonitoring,EquiWidthHistogram,"(100, 0, 100000, 'uint64')",EquiWidthHistogramBuild_100_0_100000_uint64,1,1,1000,10,1,50.0,18.26535201072693,556412.1463414634,214.03763842582703,COMPILER,16,20000,HASH_JOIN,1048576,8192,True,ok
ClusterMonitoring,EquiWidthHistogram,"(1000, 0, 100000, 'uint64')",EquiWidthHistogramBuild_1000_0_100000_uint64,1,1,1,10,1,50.0,18.014384984970093,177973.22886597938,229.3741147518158,COMPILER,1,20000,HASH_JOIN,1048576,8192,False,ok
ClusterMonitoring,EquiWidthHistogram,"(1000, 0, 100000, 'uint64')",EquiWidthHistogramBuild_1000_0_100000_uint64,1,1,1,10,1,50.0,18.014090061187744,172311.83903420524,249.363445520401,COMPILER,1,20000,HASH_JOIN,1048576,8192,False,ok
ClusterMonitoring,EquiWidthHistogram,"(1000, 0, 100000, 'uint64')",EquiWidthHistogramBuild_1000_0_100000_uint64,1,1,1,10,1,50.0,18.013609647750854,176784.65714285715,204.04626750946045,COMPILER,1,20000,HASH_JOIN,1048576,8192,False,ok
ClusterMonitoring,EquiWidthHistogram,"(1000, 0, 100000, 'uint64')",EquiWidthHistogramBuild_1000_0_100000_uint64,1,1,1000,10,1,50.0,18.01436495780945,170714.7609561753,220.04919934272766,COMPILER,1,20000,HASH_JOIN,1048576,8192,False,ok
ClusterMonitoring,EquiWidthHistogram,"(1000, 0, 100000, 'uint64')",EquiWidthHistogramBuild_1000_0_100000_uint64,1,1,1000,10,1,50.0,18.017690658569336,179998.15833333333,227.36427688598633,COMPILER,1,20000,HASH_JOIN,1048576,8192,False,ok
ClusterMonitoring,EquiWidthHistogram,"(1000, 0, 100000, 'uint64')",EquiWidthHistogramBuild_1000_0_100000_uint64,1,1,1000,10,1,50.0,18.01766800880432,175860.66666666666,202.04475140571594,COMPILER,1,20000,HASH_JOIN,1048576,8192,False,ok
ClusterMonitoring,EquiWidthHistogram,"(1000, 0, 100000, 'uint64')",EquiWidthHistogramBuild_1000_0_100000_uint64,1,1,1,10,1,50.0,18.015007257461548,174866.06882591094,231.3878071308136,COMPILER,1,20000,HASH_JOIN,1048576,8192,True,ok
ClusterMonitoring,EquiWidthHistogram,"(1000, 0, 100000, 'uint64')",EquiWidthHistogramBuild_1000_0_100000_uint64,1,1,1,10,1,50.0,18.01531958580017,178592.3497942387,200.0556025505066,COMPILER,1,20000,HASH_JOIN,1048576,8192,True,ok
ClusterMonitoring,EquiWidthHistogram,"(1000, 0, 100000, 'uint64')",EquiWidthHistogramBuild_1000_0_100000_uint64,1,1,1,10,1,50.0,18.271252870559692,176222.23935091277,204.06591057777405,COMPILER,1,20000,HASH_JOIN,1048576,8192,True,ok
ClusterMonitoring,EquiWidthHistogram,"(1000, 0, 100000, 'uint64')",EquiWidthHistogramBuild_1000_0_100000_uint64,1,1,1000,10,1,50.0,18.27172589302063,173453.07429718875,208.06775736808777,COMPILER,1,20000,HASH_JOIN,1048576,8192,True,ok
ClusterMonitoring,EquiWidthHistogram,"(1000, 0, 100000, 'uint64')",EquiWidthHistogramBuild_1000_0_100000_uint64,1,1,1000,10,1,50.0,18.267303466796875,177131.44285714286,202.0652768611908,COMPILER,1,20000,HASH_JOIN,1048576,8192,True,ok
ClusterMonitoring,EquiWidthHistogram,"(1000, 0, 100000, 'uint64')",EquiWidthHistogramBuild_1000_0_100000_uint64,1,1,1000,10,1,50.0,18.27078342437744,177509.3190184049,204.05753374099731,COMPILER,1,20000,HASH_JOIN,1048576,8192,True,ok
ClusterMonitoring,EquiWidthHistogram,"(1000, 0, 100000, 'uint64')",EquiWidthHistogramBuild_1000_0_100000_uint64,1,1,1,10,1,50.0,18.01367497444153,337929.67661691544,204.2901165485382,COMPILER,4,20000,HASH_JOIN,1048576,8192,False,ok
ClusterMonitoring,EquiWidthHistogram,"(1000, 0, 100000, 'uint64')",EquiWidthHistogramBuild_1000_0_100000_uint64,1,1,1,10,1,50.0,43.34109449386597,343872.6197916667,212.28836011886597,COMPILER,4,20000,HASH_JOIN,1048576,8192,False,ok
ClusterMonitoring,EquiWidthHistogram,"(1000, 0, 100000, 'uint64')",EquiWidthHistogramBuild_1000_0_100000_uint64,1,1,1,10,1,50.0,18.012787580490112,334876.40201005025,208.03948283195496,COMPILER,4,20000,HASH_JOIN,1048576,8192,False,ok
ClusterMonitoring,EquiWidthHistogram,"(1000, 0, 100000, 'uint64')",EquiWidthHistogramBuild_1000_0_100000_uint64,1,1,1000,10,1,50.0,18.265816688537598,341958.61340206186,222.2880356311798,COMPILER,4,20000,HASH_JOIN,1048576,8192,False,ok
ClusterMonitoring,EquiWidthHistogram,"(1000, 0, 100000, 'uint64')",EquiWidthHistogramBuild_1000_0_100000_uint64,1,1,1000,10,1,50.0,18.016124486923218,338906.2010309278,259.368754863739,COMPILER,4,20000,HASH_JOIN,1048576,8192,False,ok
ClusterMonitoring,EquiWidthHistogram,"(1000, 0, 100000, 'uint64')",EquiWidthHistogramBuild_1000_0_100000_uint64,1,1,1000,10,1,50.0,18.264501571655273,343429.6414141414,206.0358603000641,COMPILER,4,20000,HASH_JOIN,1048576,8192,False,ok
ClusterMonitoring,EquiWidthHistogram,"(1000, 0, 100000, 'uint64')",EquiWidthHistogramBuild_1000_0_100000_uint64,1,1,1,10,1,50.0,18.01829504966736,340449.1313131313,239.37927055358887,COMPILER,4,20000,HASH_JOIN,1048576,8192,True,ok
ClusterMonitoring,EquiWidthHistogram,"(1000, 0, 100000, 'uint64')",EquiWidthHistogramBuild_1000_0_100000_uint64,1,1,1,10,1,50.0,18.014735221862793,348693.68062827224,216.05221271514893,COMPILER,4,20000,HASH_JOIN,1048576,8192,True,ok
ClusterMonitoring,EquiWidthHistogram,"(1000, 0, 100000, 'uint64')",EquiWidthHistogramBuild_1000_0_100000_uint64,1,1,1,10,1,50.0,18.018500566482544,333818.12807881774,226.0457158088684,COMPILER,4,20000,HASH_JOIN,1048576,8192,True,ok
ClusterMonitoring,EquiWidthHistogram,"(1000, 0, 100000, 'uint64')",EquiWidthHistogramBuild_1000_0_100000_uint64,1,1,1000,10,1,50.0,18.014572381973267,339526.4120603015,222.3073387145996,COMPILER,4,20000,HASH_JOIN,1048576,8192,True,ok
ClusterMonitoring,EquiWidthHistogram,"(1000, 0, 100000, 'uint64')",EquiWidthHistogramBuild_1000_0_100000_uint64,1,1,1000,10,1,50.0,18.26550054550171,333954.2089552239,222.307443857193,COMPILER,4,20000,HASH_JOIN,1048576,8192,True,ok
ClusterMonitoring,EquiWidthHistogram,"(1000, 0, 100000, 'uint64')",EquiWidthHistogramBuild_1000_0_100000_uint64,1,1,1000,10,1,50.0,18.26857328414917,347114.6296296296,243.62567400932312,COMPILER,4,20000,HASH_JOIN,1048576,8192,True,ok
ClusterMonitoring,EquiWidthHistogram,"(1000, 0, 100000, 'uint64')",EquiWidthHistogramBuild_1000_0_100000_uint64,1,1,1,10,1,50.0,18.01560115814209,538013.0326086957,292.6910982131958,COMPILER,16,20000,HASH_JOIN,1048576,8192,False,ok
ClusterMonitoring,EquiWidthHistogram,"(1000, 0, 100000, 'uint64')",EquiWidthHistogramBuild_1000_0_100000_uint64,1,1,1,10,1,50.0,18.267080307006836,512650.9438202247,244.0364043712616,COMPILER,16,20000,HASH_JOIN,1048576,8192,False,ok
ClusterMonitoring,EquiWidthHistogram,"(1000, 0, 100000, 'uint64')",EquiWidthHistogramBuild_1000_0_100000_uint64,1,1,1,10,1,50.0,43.341081857681274,511912.9888888889,242.03251886367798,COMPILER,16,20000,HASH_JOIN,1048576,8192,False,ok
ClusterMonitoring,EquiWidthHistogram,"(1000, 0, 100000, 'uint64')",EquiWidthHistogramBuild_1000_0_100000_uint64,1,1,1000,10,1,50.0,18.012725830078125,526962.934065934,261.3642637729645,COMPILER,16,20000,HASH_JOIN,1048576,8192,False,ok
ClusterMonitoring,EquiWidthHistogram,"(1000, 0, 100000, 'uint64')",EquiWidthHistogramBuild_1000_0_100000_uint64,1,1,1000,10,1,50.0,43.59268498420715,503817.0,238.0379776954651,COMPILER,16,20000,HASH_JOIN,1048576,8192,False,ok
ClusterMonitoring,EquiWidthHistogram,"(1000, 0, 100000, 'uint64')",EquiWidthHistogramBuild_1000_0_100000_uint64,1,1,1,10,1,50.0,18.014432668685913,561747.5476190476,238.0548186302185,COMPILER,16,20000,HASH_JOIN,1048576,8192,True,ok
ClusterMonitoring,EquiWidthHistogram,"(1000, 0, 100000, 'uint64')",EquiWidthHistogramBuild_1000_0_100000_uint64,1,1,1,10,1,50.0,18.017504453659058,515195.32584269665,244.05590343475342,COMPILER,16,20000,HASH_JOIN,1048576,8192,True,ok
ClusterMonitoring,EquiWidthHistogram,"(1000, 0, 100000, 'uint64')",EquiWidthHistogramBuild_1000_0_100000_uint64,1,1,1,10,1,50.0,18.269100189208984,545178.975,238.31436276435852,COMPILER,16,20000,HASH_JOIN,1048576,8192,True,ok
ClusterMonitoring,EquiWidthHistogram,"(1000, 0, 100000, 'uint64')",EquiWidthHistogramBuild_1000_0_100000_uint64,1,1,1000,10,1,50.0,18.265899896621704,538514.0465116279,248.05276679992676,COMPILER,16,20000,HASH_JOIN,1048576,8192,True,ok
ClusterMonitoring,EquiWidthHistogram,"(1000, 0, 100000, 'uint64')",EquiWidthHistogramBuild_1000_0_100000_uint64,1,1,1000,10,1,50.0,18.017106533050537,559785.9880952381,267.3842074871063,COMPILER,16,20000,HASH_JOIN,1048576,8192,True,ok
ClusterMonitoring,EquiWidthHistogram,"(1000, 0, 100000, 'uint64')",EquiWidthHistogramBuild_1000_0_100000_uint64,1,1,1000,10,1,50.0,18.265434741973877,522434.7555555556,242.0474226474762,COMPILER,16,20000,HASH_JOIN,1048576,8192,True,ok
ClusterMonitoring,CountMin,"(1, 100, 'uint64')",CountMinBuild_1_100_uint64,1,1,1,10,1,50.0,68.66766166687012,107081.29090909091,294.0531847476959,COMPILER,1,20000,HASH_JOIN,1048576,8192,False,ok
ClusterMonitoring,CountMin,"(1, 100, 'uint64')",CountMinBuild_1_100_uint64,1,1,1,10,1,50.0,18.015331506729126,106140.34443021766,317.65080404281616,COMPILER,1,20000,HASH_JOIN,1048576,8192,False,ok
ClusterMonitoring,CountMin,"(1, 100, 'uint64')",CountMinBuild_1_100_uint64,1,1,1,10,1,50.0,18.01575255393982,106538.14618369986,298.32361912727356,COMPILER,1,20000,HASH_JOIN,1048576,8192,False,ok
ClusterMonitoring,CountMin,"(1, 100, 'uint64')",CountMinBuild_1_100_uint64,1,1,1000,10,1,-1,0.0,106046.07335907336,325.3955464363098,COMPILER,1,20000,HASH_JOIN,1048576,8192,False,build:timeout
ClusterMonitoring,CountMin,"(1, 100, 'uint64')",CountMinBuild_1_100_uint64,1,1,1000,10,1,-1,0.0,105631.3264516129,300.31838178634644,COMPILER,1,20000,HASH_JOIN,1048576,8192,False,build:timeout
ClusterMonitoring,CountMin,"(1, 100, 'uint64')",CountMinBuild_1_100_uint64,1,1,1,10,1,-1,0.0,106581.17647058824,325.6651101112366,COMPILER,1,20000,HASH_JOIN,1048576,8192,True,build:timeout
ClusterMonitoring,CountMin,"(1, 100, 'uint64')",CountMinBuild_1_100_uint64,1,1,1,10,1,-1,0.0,105967.26520051746,300.34059977531433,COMPILER,1,20000,HASH_JOIN,1048576,8192,True,build:timeout
ClusterMonitoring,CountMin,"(1, 100, 'uint64')",CountMinBuild_1_100_uint64,1,1,1,10,1,50.0,18.015528202056885,108503.69473684211,317.39266419410706,COMPILER,1,20000,HASH_JOIN,1048576,8192,True,ok
ClusterMonitoring,CountMin,"(1, 100, 'uint64')",CountMinBuild_1_100_uint64,1,1,1000,10,1,-1,0.0,106008.5575679172,300.34139108657837,COMPILER,1,20000,HASH_JOIN,1048576,8192,True,build:timeout
ClusterMonitoring,CountMin,"(1, 100, 'uint64')",CountMinBuild_1_100_uint64,1,1,1000,10,1,-1,0.0,104775.01538461538,325.4008276462555,COMPILER,1,20000,HASH_JOIN,1048576,8192,True,build:timeout
ClusterMonitoring,CountMin,"(1, 100, 'uint64')",CountMinBuild_1_100_uint64,1,1,1000,10,1,50.0,18.015625,107410.41069100391,298.3210241794586,COMPILER,1,20000,HASH_JOIN,1048576,8192,True,ok
ClusterMonitoring,CountMin,"(1, 100, 'uint64')",CountMinBuild_1_100_uint64,1,1,1,10,1,50.0,18.023188829421997,294004.81376518216,222.03829884529114,COMPILER,4,20000,HASH_JOIN,1048576,8192,False,ok
ClusterMonitoring,CountMin,"(1, 100, 'uint64')",CountMinBuild_1_100_uint64,1,1,1,10,1,50.0,43.33934044837952,296171.8875502008,237.36479878425598,COMPILER,4,20000,HASH_JOIN,1048576,8192,False,ok
ClusterMonitoring,CountMin,"(1, 100, 'uint64')",CountMinBuild_1_100_uint64,1,1,1,10,1,50.0,18.013594388961792,295194.15725806454,226.02951574325562,COMPILER,4,20000,HASH_JOIN,1048576,8192,False,ok
ClusterMonitoring,CountMin,"(1, 100, 'uint64')",CountMinBuild_1_100_uint64,1,1,1000,10,1,50.0,18.26742720603943,303077.54852320673,220.03321981430054,COMPILER,4,20000,HASH_JOIN,1048576,8192,False,ok
ClusterMonitoring,CountMin,"(1, 100, 'uint64')",CountMinBuild_1_100_uint64,1,1,1000,10,1,50.0,18.265222787857056,300762.66135458165,218.28259205818176,COMPILER,4,20000,HASH_JOIN,1048576,8192,False,ok
ClusterMonitoring,CountMin,"(1, 100, 'uint64')",CountMinBuild_1_100_uint64,1,1,1,10,1,50.0,18.265182495117188,302385.1087866109,276.7094838619232,COMPILER,4,20000,HASH_JOIN,1048576,8192,True,ok
ClusterMonitoring,CountMin,"(1, 100, 'uint64')",CountMinBuild_1_100_uint64,1,1,1,10,1,50.0,18.0154390335083,297475.736,220.31069040298462,COMPILER,4,20000,HASH_JOIN,1048576,8192,True,ok
ClusterMonitoring,CountMin,"(1, 100, 'uint64')",CountMinBuild_1_100_uint64,1,1,1,10,1,50.0,18.014452934265137,285764.01195219124,220.04874229431152,COMPILER,4,20000,HASH_JOIN,1048576,8192,True,ok
ClusterMonitoring,CountMin,"(1, 100, 'uint64')",CountMinBuild_1_100_uint64,1,1,1000,10,1,50.0,18.265907764434814,294389.6887966805,224.0672345161438,COMPILER,4,20000,HASH_JOIN,1048576,8192,True,ok
ClusterMonitoring,CountMin,"(1, 100, 'uint64')",CountMinBuild_1_100_uint64,1,1,1000,10,1,50.0,43.34662318229675,296640.8065843621,224.05386805534363,COMPILER,4,20000,HASH_JOIN,1048576,8192,True,ok
ClusterMonitoring,CountMin,"(1, 100, 'uint64')",CountMinBuild_1_100_uint64,1,1,1000,10,1,50.0,18.014269590377808,300922.38655462186,218.31118631362915,COMPILER,4,20000,HASH_JOIN,1048576,8192,True,ok
ClusterMonitoring,CountMin,"(1, 100, 'uint64')",CountMinBuild_1_100_uint64,1,1,1,10,1,50.0,43.59096312522888,611205.9710679612,253.36039400100708,COMPILER,16,20000,HASH_JOIN,1048576,8192,False,ok
ClusterMonitoring,CountMin,"(1, 100, 'uint64')",CountMinBuild_1_100_uint64,1,1,1,10,1,50.0,18.015921354293823,655095.9178899999,228.03514671325684,COMPILER,16,20000,HASH_JOIN,1048576,8192,False,ok
ClusterMonitoring,CountMin,"(1, 100, 'uint64')",CountMinBuild_1_100_uint64,1,1,1,10,1,50.0,18.015726327896118,627183.7981401869,244.28322196006775,COMPILER,16,20000,HASH_JOIN,1048576,8192,False,ok
ClusterMonitoring,CountMin,"(1, 100, 'uint64')",CountMinBuild_1_100_uint64,1,1,1000,10,1,50.0,18.01603603363037,584292.9001442308,240.03017401695251,COMPILER,16,20000,HASH_JOIN,1048576,8192,False,ok
ClusterMonitoring,CountMin,"(1, 100, 'uint64')",CountMinBuild_1_100_uint64,1,1,1000,10,1,50.0,43.339340925216675,619191.2525943397,253.61384892463684,COMPILER,16,20000,HASH_JOIN,1048576,8192,False,ok
ClusterMonitoring,CountMin,"(1, 100, 'uint64')",CountMinBuild_1_100_uint64,1,1,1,10,1,50.0,18.014207124710083,615709.4649333333,228.05426716804504,COMPILER,16,20000,HASH_JOIN,1048576,8192,True,ok
ClusterMonitoring,CountMin,"(1, 100, 'uint64')",CountMinBuild_1_100_uint64,1,1,1000,10,1,50.0,43.33965086936951,590141.6380952381,238.0548963546753,COMPILER,16,20000,HASH_JOIN,1048576,8192,True,ok
ClusterMonitoring,CountMin,"(10, 10000, 'uint64')",CountMinBuild_10_10000_uint64,1,1,1,10,1,-1,0.0,-1,12.023251056671143,COMPILER,4,20000,HASH_JOIN,1048576,8192,False,build:crashed:-9
ClusterMonitoring,CountMin,"(10, 10000, 'uint64')",CountMinBuild_10_10000_uint64,1,1,1,10,1,-1,0.0,-1,10.031579732894897,COMPILER,4,20000,HASH_JOIN,1048576,8192,False,build:crashed:-9
ClusterMonitoring,CountMin,"(10, 10000, 'uint64')",CountMinBuild_10_10000_uint64,1,1,1,10,1,-1,0.0,-1,10.283387899398804,COMPILER,4,20000,HASH_JOIN,1048576,8192,False,build:crashed:-9
ClusterMonitoring,CountMin,"(10, 10000, 'uint64')",CountMinBuild_10_10000_uint64,1,1,1000,10,1,-1,0.0,-1,10.031723022460938,COMPILER,4,20000,HASH_JOIN,1048576,8192,False,build:crashed:-9
ClusterMonitoring,CountMin,"(10, 10000, 'uint64')",CountMinBuild_10_10000_uint64,1,1,1000,10,1,-1,0.0,-1,35.368698596954346,COMPILER,4,20000,HASH_JOIN,1048576,8192,False,build:crashed:-9
ClusterMonitoring,CountMin,"(10, 10000, 'uint64')",CountMinBuild_10_10000_uint64,1,1,1,10,1,-1,0.0,-1,10.034551858901978,COMPILER,4,20000,HASH_JOIN,1048576,8192,True,build:crashed:-9
ClusterMonitoring,CountMin,"(10, 10000, 'uint64')",CountMinBuild_10_10000_uint64,1,1,1,10,1,-1,0.0,-1,37.61582636833191,COMPILER,4,20000,HASH_JOIN,1048576,8192,True,build:crashed:-9
ClusterMonitoring,CountMin,"(10, 10000, 'uint64')",CountMinBuild_10_10000_uint64,1,1,1,10,1,-1,0.0,-1,60.93863582611084,COMPILER,4,20000,HASH_JOIN,1048576,8192,True,build:crashed:-9
ClusterMonitoring,CountMin,"(10, 10000, 'uint64')",CountMinBuild_10_10000_uint64,1,1,1000,10,1,-1,0.0,-1,10.026043891906738,COMPILER,4,20000,HASH_JOIN,1048576,8192,True,build:crashed:-9
ClusterMonitoring,CountMin,"(10, 10000, 'uint64')",CountMinBuild_10_10000_uint64,1,1,1000,10,1,-1,0.0,-1,10.038457870483398,COMPILER,4,20000,HASH_JOIN,1048576,8192,True,build:crashed:-9
ClusterMonitoring,CountMin,"(10, 10000, 'uint64')",CountMinBuild_10_10000_uint64,1,1,1000,10,1,-1,0.0,-1,10.287543058395386,COMPILER,4,20000,HASH_JOIN,1048576,8192,True,build:crashed:-9
ClusterMonitoring,CountMin,"(10, 10000, 'uint64')",CountMinBuild_10_10000_uint64,1,1,1,10,1,-1,0.0,-1,6.038480997085571,COMPILER,16,20000,HASH_JOIN,1048576,8192,False,build:crashed:-9
ClusterMonitoring,CountMin,"(10, 10000, 'uint64')",CountMinBuild_10_10000_uint64,1,1,1,10,1,-1,0.0,-1,6.028424024581909,COMPILER,16,20000,HASH_JOIN,1048576,8192,False,build:crashed:-9
ClusterMonitoring,CountMin,"(10, 10000, 'uint64')",CountMinBuild_10_10000_uint64,1,1,1,10,1,-1,0.0,-1,31.357529163360596,COMPILER,16,20000,HASH_JOIN,1048576,8192,False,build:crashed:-9
ClusterMonitoring,CountMin,"(10, 10000, 'uint64')",CountMinBuild_10_10000_uint64,1,1,1000,10,1,-1,0.0,-1,6.030182123184204,COMPILER,16,20000,HASH_JOIN,1048576,8192,False,build:crashed:-9
ClusterMonitoring,CountMin,"(10, 10000, 'uint64')",CountMinBuild_10_10000_uint64,1,1,1000,10,1,-1,0.0,-1,6.028964996337891,COMPILER,16,20000,HASH_JOIN,1048576,8192,False,build:crashed:-9
ClusterMonitoring,CountMin,"(10, 10000, 'uint64')",CountMinBuild_10_10000_uint64,1,1,1000,10,1,-1,0.0,-1,6.029878616333008,COMPILER,16,20000,HASH_JOIN,1048576,8192,False,build:crashed:-9
ClusterMonitoring,CountMin,"(10, 10000, 'uint64')",CountMinBuild_10_10000_uint64,1,1,1,10,1,-1,0.0,-1,31.613211631774902,COMPILER,16,20000,HASH_JOIN,1048576,8192,True,build:crashed:-9
ClusterMonitoring,CountMin,"(10, 10000, 'uint64')",CountMinBuild_10_10000_uint64,1,1,1,10,1,-1,0.0,-1,6.027625322341919,COMPILER,16,20000,HASH_JOIN,1048576,8192,True,build:crashed:-9
ClusterMonitoring,CountMin,"(10, 10000, 'uint64')",CountMinBuild_10_10000_uint64,1,1,1,10,1,-1,0.0,-1,6.027688980102539,COMPILER,16,20000,HASH_JOIN,1048576,8192,True,build:crashed:-9
ClusterMonitoring,CountMin,"(10, 10000, 'uint64')",CountMinBuild_10_10000_uint64,1,1,1000,10,1,-1,0.0,-1,6.029367208480835,COMPILER,16,20000,HASH_JOIN,1048576,8192,True,build:crashed:-9
ClusterMonitoring,CountMin,"(10, 10000, 'uint64')",CountMinBuild_10_10000_uint64,1,1,1000,10,1,-1,0.0,-1,6.28358006477356,COMPILER,16,20000,HASH_JOIN,1048576,8192,True,build:crashed:-9
ClusterMonitoring,CountMin,"(10, 10000, 'uint64')",CountMinBuild_10_10000_uint64,1,1,1000,10,1,-1,0.0,-1,6.2945942878723145,COMPILER,16,20000,HASH_JOIN,1048576,8192,True,build:crashed:-9
